mtllib crumpled_paper.mtl
g Plane_n3d

# Vertex Positions:
v -12.93717 37.19439 31.53524
v 32.23638 23.27446 14.49957
v 17.96577 -2.50155 -0.0741
v 25.18527 45.0022 -17.25418
v -15.77454 34.89042 30.3726
v 0.98221 26.91915 32.6242
v 11.29025 7.83706 -25.28625
v 16.61231 31.64999 -29.37873
v 16.48487 43.10934 6.29528
v -32.99173 40.96284 0.48249
v 1.35211 30.8950 35.49213
v 22.96883 44.94683 -12.53889
v 13.84136 18.73804 -32.18875
v -19.5457 3.11332 8.47365
v -11.67707 19.2672 27.10877
v 13.63613 4.97252 -10.89239
v 6.4805 49.53352 -14.20621
v -21.87165 46.2358 -9.05313
v 16.19396 8.8238 15.11252
v -14.78827 13.48587 11.06444
v 8.27393 17.72556 -9.61858
v 31.83836 40.32811 2.52157
v 6.78583 33.78666 8.22663
v -27.99363 35.70439 -18.99234
v -13.18417 25.38333 8.27877
v -29.1029 40.80614 15.03352
v 14.36793 18.56562 31.35822
v 26.34607 50.73199 5.19143
v 12.57593 4.71306 -22.70553
v -26.20187 20.44398 22.03694
v -1.75325 6.29898 25.60182
v 12.13572 11.98458 -18.02245
v 10.87361 31.98906 -26.00879
v -5.63615 37.1252 -20.84536
v 22.27327 19.24013 9.34523
v -23.3351 14.82398 19.85785
v 1.87266 29.76953 -9.68019
v -20.6856 36.66758 20.12094
v -6.82162 49.86034 25.76308
v 20.64642 28.3890 -29.42823
v 23.30654 39.60542 -24.0792
v -3.56599 0.84276 4.59622
v -7.66708 23.16768 17.26116
v 26.15954 3.45292 4.04926
v 5.03559 54.1409 -18.22022
v -5.05416 48.48077 9.86336
v 12.08112 25.28432 15.85011
v 0.71568 32.74828 9.31378
v 4.38796 22.36201 -16.16573
v 19.86159 38.59966 -12.17193
v 22.47426 34.99075 23.75455
v 27.90709 29.83759 8.76204
v 32.46396 17.41617 -4.35679
v 1.88506 9.56199 6.57863
v -4.15624 35.76432 30.32285
v -13.11302 38.95477 12.87604
v 4.50384 9.72998 9.32414
v -7.70275 28.78135 -31.69389
v -25.36275 29.33058 -1.43151
v -28.54765 13.47414 -10.43445
v -16.54906 57.07527 -13.30627
v -14.5877 42.86304 -6.89404
v -9.07511 8.25269 -4.74296
v -22.48111 22.29585 -3.05965
v 0.6647 38.75812 -4.02778
v -1.62955 22.63599 -22.85704
v -8.32367 23.57474 8.76354
v -9.12518 21.43199 -18.77645
v -13.43156 48.06963 6.95619
v -32.40918 30.6094 2.78496
v -9.9187 9.45648 -17.45038
v 0.07932 19.0465 26.2381
v -12.9259 46.89836 18.04494
v -18.66458 13.90451 13.69748
v 21.13177 11.12641 16.56406
v 14.01915 44.65762 16.28187
v 20.37817 20.53914 -8.37332
v 22.73425 27.67722 -24.76066
v 14.84014 18.42015 -3.75538
v 1.99886 50.88357 -26.44731
v 3.64954 54.81783 3.99976
v -22.35164 38.70545 24.92818
v 24.51517 20.82492 24.0767
v 27.35097 50.08432 -5.99595
v 14.96431 -0.68194 -11.91761
v -22.69091 30.62832 26.43305
v 3.00376 14.59122 31.53953
v 9.02273 13.10683 -18.92688
v 10.95222 24.10161 -32.61724
v 5.34604 35.28795 -26.28635
v 22.19131 31.74603 8.21297
v -20.3661 25.67831 25.95094
v 9.78205 37.03055 -2.87628
v -30.02399 38.58932 11.89368
v -2.36644 42.36711 32.26461
v 22.48463 34.71695 -19.5780
v 19.02173 31.44789 -31.24699
v -13.51951 -4.08137 2.27396
v -2.74207 23.66813 21.83751
v 17.45996 0.79387 -3.78316
v -1.69889 55.18746 -20.41315
v -14.14824 47.00949 1.42891
v 9.17966 17.5278 10.41643
v -5.51039 22.46773 11.63943
v 13.63326 13.30228 -14.24228
v 14.82239 26.9271 -13.84247
v 29.76727 37.65288 14.20366
v 23.02587 19.15575 13.53141
v 34.61089 28.86835 -0.41316
v -8.00007 6.40999 4.91133
v 3.08737 35.53621 19.8743
v -23.97061 40.34825 6.34876
v 6.39282 22.03353 8.8212
v 2.9236 24.35263 -35.82397
v -26.41656 37.23735 -10.58321
v -26.11956 7.18605 -1.23647
v -22.99119 47.14487 -16.94486
v -3.81915 46.54765 -8.91542
v -15.15831 16.55823 1.06614
v -21.20821 34.53729 -6.20493
v -4.39784 30.89206 2.73609
v -30.61481 45.02372 3.17066
v 3.8215 18.41688 34.69269
v 25.97692 46.72243 -0.57693
v 7.65046 10.9012 -29.71042
v -26.02335 9.82185 15.63484
v -12.63057 12.02344 28.4298
v 15.94363 3.5332 -18.60378
v 10.40792 38.78687 -15.61552
v -16.17381 42.74251 -19.77066
v 20.61164 8.20535 7.80369
v -22.50245 6.82481 10.92937
v -1.8694 21.91415 -15.31888
v -11.05802 34.32772 28.17858
v -3.06103 38.65986 30.25458
v 16.9774 15.9076 -28.58342
v 21.85103 37.63098 -20.57624
v 7.84759 2.89384 1.59833
v -9.01269 31.40594 22.53287
v 30.43715 11.88636 10.47972
v 16.34356 53.57121 -19.06336
v 7.17431 46.98006 9.4256
v 11.85079 29.29827 26.94521
v 9.62696 41.17362 9.39916
v 6.72855 14.28071 -20.3256
v 28.97935 44.30294 -7.63442
v 12.4719 33.10585 30.85372
v 24.98594 38.91859 2.48563
v 24.25926 10.39326 -8.2285
v 3.52641 22.16305 6.47238
v -10.93711 28.97405 33.53573
v -1.57076 35.96643 16.6737
v 7.80066 -0.26439 12.0751
v -18.38115 32.43447 -26.34263
v -23.52728 22.25056 8.24675
v -28.96434 23.62075 -16.63552
v -14.4359 55.30455 -11.2571
v -15.97808 34.61959 2.70846
v 0.94512 8.6297 -5.74346
v -20.91878 17.81748 4.02467
v 11.6857 41.78225 -8.30596
v -1.69198 31.25959 -14.05539
v 1.40664 17.04384 -21.86622
v -7.86639 14.60453 -15.19046
v 9.22358 26.81779 -26.99216
v -20.07179 24.27123 7.77835
v -2.03889 27.03009 -0.1459
v -7.00981 36.0993 11.18985
v -9.63226 11.57878 4.9092
v -0.85802 28.37073 -25.02604
v -19.55898 19.60195 -13.67886
v -10.68965 28.11085 -26.17359
v -12.89344 32.35105 -13.76232
v -19.63864 55.1396 -1.49519
v -6.76085 40.58378 13.74506
v -21.97468 38.73045 4.56789
v -6.08235 57.72865 10.33232
v -34.16436 21.91692 -4.24303
v -29.02306 22.01992 10.70966
v -32.31648 25.86302 12.65879
v -28.70591 22.0607 -5.63874
v 1.02023 4.67797 -21.52047
v -19.98634 13.2047 -13.36895
v -7.77021 3.60071 -6.55268
v -9.94463 17.33906 -27.0421
v -1.55952 11.69606 20.42186
v 2.37452 17.29435 29.1298
v -4.70398 25.37608 30.48396
v 9.12594 19.1807 19.23697
v -11.21881 50.48605 13.15184
v -11.01033 34.78603 16.53348
v -23.18798 46.49575 11.88002
v -9.11552 46.19459 25.86428
v -12.44076 10.5947 22.95091
v -16.3529 26.39826 14.03199
v -20.53715 24.76228 18.15129
v -6.2814 11.94625 16.80056
v 29.69247 13.38801 7.23743
v 11.56034 9.57504 24.16488
v 23.3085 22.72079 21.14983
v 19.2658 -0.01655 12.71359
v 21.05285 36.58921 16.77151
v 3.61637 50.69043 20.01772
v 9.10304 36.18063 11.21244
v 19.0332 45.71191 22.29759
v 8.98577 20.34938 -8.0539
v 30.13139 23.50163 -2.09085
v 22.42493 16.36274 -0.6350
v 16.40478 32.18768 -6.66257
v 13.03382 26.91349 -23.35307
v 29.91111 22.33591 -16.00584
v 25.27733 33.78934 -18.21206
v 18.37139 17.33133 -25.67606
v 5.68431 27.10281 -0.88128
v 10.53995 8.17366 -1.60181
v 6.48703 10.22716 -4.90398
v 12.7364 18.76184 8.71553
v 12.99846 45.7038 -25.62438
v -8.05139 55.12094 -22.34341
v -3.25717 40.73092 -31.53765
v 0.00053 46.77688 -14.60236
v 4.67112 60.06108 -7.39254
v 2.77652 46.02813 5.82401
v -7.67391 50.30244 0.18452
v 15.89158 55.59819 5.68246
v 14.08611 46.97287 2.64719
v -6.1273 40.33932 8.05034
v -7.26856 58.60842 -9.70866
v -8.40219 52.8363 -19.12549
v -13.74274 44.43107 -25.23948
v 8.28909 36.2650 -33.10734
v 11.03464 6.28848 9.11749
v 10.43618 19.4305 -1.15332
v -1.91848 16.9635 1.76263
v 23.85887 11.41574 -18.2410
v 32.16919 33.63229 -11.61157
v 21.62749 22.80864 -16.55776
v 28.61077 34.45354 -7.79697
v 27.96365 13.32978 4.09665
v 17.30811 27.11998 -1.77753
v 8.59704 45.35361 28.51237
v 7.00023 40.19757 22.96087
v 15.79189 27.27192 14.85662
v 22.21539 9.63645 19.40111
v 13.36208 20.68374 28.77725
v 31.02558 25.27518 11.49009
v -4.07351 24.17461 14.37081
v -26.39744 28.12879 7.53819
v -11.53862 23.17133 24.27324
v -5.07114 35.18847 25.05826
v -18.52166 37.33654 16.97672
v -21.27437 51.78914 5.70227
v 11.73532 18.05178 23.42683
v -5.71631 20.30455 34.42663
v 1.61999 23.88308 20.19982
v -19.8987 22.09836 -22.17974
v -18.04887 4.55695 -4.4560
v 4.20153 2.25965 -10.22926
v -28.45931 13.23288 2.73264
v -26.0750 32.18519 17.22161
v -32.06447 14.94385 6.35935
v 2.08072 49.54651 14.59905
v -16.27702 29.90555 11.64855
v -26.14099 45.4614 -5.13897
v -17.83211 25.61144 -5.05272
v -20.29325 31.03562 -18.58749
v 0.43502 25.36562 -32.12749
v -6.88767 17.46375 -5.23321
v 1.63006 37.86415 4.72566
v -17.45228 36.18867 5.38664
v 8.44327 22.87603 -26.48363
v 2.92558 8.36283 -17.34126
v -10.05796 24.87877 -6.84616
v 10.78412 32.78183 -16.9909
v -21.19424 11.52902 7.35243
v -1.59493 36.92705 -15.99275
v -10.88682 58.03946 -0.65456
v -27.00905 26.54623 -11.43986
v 1.01294 13.34335 -30.31776
v 7.92729 9.85687 17.96186
v -0.07302 47.58694 17.92607
v -11.79759 2.45263 15.06024
v 22.15615 5.99619 3.14215
v 22.81306 46.51376 11.8752
v 5.15679 29.38064 -11.25012
v 14.79844 18.05796 -26.27342
v 14.42896 30.68825 6.40301
v 11.20123 41.86069 -17.03136
v 16.34274 55.89858 -6.79846
v -17.45654 38.99254 28.85464
v 28.75251 21.91422 19.50795
v 26.40657 47.61413 -11.7620
v 16.35655 -1.66019 -5.72754
v -20.88017 35.96486 27.31239
v 3.52187 20.48852 32.05826
v 9.20778 7.29727 -20.17161
v 13.19001 27.42119 -32.02333
v 10.9163 33.6976 -28.33925
v 19.92531 37.73978 6.95924
v -16.66864 29.93741 27.19448
v 13.1690 40.17477 1.52164
v -32.91362 39.79306 6.56068
v -0.66739 36.78264 34.29512
v 23.03037 39.49746 -15.6966
v 17.02647 25.29453 -33.63274
v -18.07134 -1.40553 5.2701
v -6.53586 21.3564 25.97275
v 12.32223 4.02638 -4.88093
v 2.42288 52.55041 -18.12296
v -17.74118 46.54098 -4.32293
v 12.33892 13.39917 13.39454
v -9.70001 17.51211 12.42734
v 12.94633 14.13952 -10.00203
v 11.93551 21.55872 -13.12479
v 30.74721 39.13856 8.42749
v 19.6161 14.11559 15.2894
v 33.20303 34.92778 1.37668
v -10.43689 9.63719 9.74435
v 5.45471 34.72815 14.6195
v -27.74352 40.51064 1.26267
v 7.3316 28.29516 8.48827
v 8.8122 20.96436 -34.70131
v -31.36686 36.67436 -13.84032
v -23.19894 4.61843 3.59263
v -25.42257 41.38901 -17.90306
v 2.01758 48.28259 -10.01697
v -12.65837 19.61917 5.63438
v -22.96798 40.14792 -7.88506
v -8.42712 27.53899 6.11114
v -30.22667 42.93982 9.03793
v 8.43662 17.95486 33.23513
v 25.79803 46.60253 5.35387
v 7.90089 5.55993 -25.81802
v -26.69724 15.09205 18.97696
v -7.71479 8.29533 27.04237
v 12.84014 7.36967 -19.8478
v 10.8638 35.0936 -20.5718
v -10.88927 40.27657 -20.83675
v 19.59549 14.03959 7.07947
v -23.34703 10.12202 15.36249
v -2.02537 26.76812 -12.50939
v -15.7794 35.69217 24.04507
v -5.24285 44.25569 28.3467
v 19.2692 21.40898 -30.02025
v 25.10079 42.62466 -19.27551
v 1.91852 3.77884 3.53239
v -10.6684 26.13538 20.07901
v 29.40709 6.33777 9.33959
v 10.7135 56.03156 -19.53666
v 0.78957 48.25784 11.60287
v 14.24064 28.61166 21.0502
v 4.66112 37.63285 8.14262
v 8.05861 19.32658 -17.83462
v 23.19483 42.73726 -9.87598
v 16.86219 33.84091 26.38128
v 28.71695 35.03551 5.60292
v 29.93368 12.02081 -6.45556
v 2.67209 15.97771 6.57675
v -7.79854 33.86773 33.52657
v -7.52774 37.41331 15.96343
v 3.41028 3.60473 9.87011
v -13.02849 30.63455 -29.0510
v -25.53534 26.0300 3.39604
v -29.4444 18.15586 -14.46132
v -12.08648 60.06955 -9.63895
v -15.35132 38.6134 -2.33383
v -3.97487 6.18645 -5.24013
v -24.00329 17.23238 -0.69783
v 5.48422 41.54272 -7.14308
v -0.73751 35.21764 -9.02405
v -1.31314 17.85786 -26.94829
v -8.50643 10.91641 -10.20217
v 2.91948 25.58618 -24.83864
v -22.69972 24.22146 3.07451
v -3.38896 24.73438 5.26705
v -6.08234 42.81975 10.82687
v -8.69775 17.60779 7.77067
v 4.89915 30.89811 -25.91696
v -14.43056 18.92234 -17.0159
v -8.7136 34.14602 -25.62729
v -10.50715 26.80887 -15.85495
v -19.06063 56.62693 -7.4751
v -10.76694 44.19769 11.00461
v -25.33711 33.73217 2.71698
v -10.44761 53.46036 9.51422
v -30.72219 17.48246 -7.06637
v -29.46428 26.25435 5.90238
v -29.50816 23.00603 17.39465
v -30.69845 26.44968 -1.54652
v 6.98567 3.45498 -22.79247
v -13.67659 13.79819 -14.44859
v -5.19646 3.70438 -0.33131
v -9.82001 13.00654 -22.48891
v 0.35897 10.69658 14.41215
v 2.29923 23.44902 29.21158
v -2.0815 30.12578 31.38689
v 3.60021 19.05214 21.92223
v -12.47092 44.67678 13.12706
v -12.11993 40.5688 17.37255
v -26.47303 45.98484 15.22524
v -7.36482 46.86343 20.73551
v -18.59042 11.78105 22.60534
v -17.59518 20.32916 14.0106
v -19.71002 31.12229 17.57092
v -11.9670 12.58414 14.05974
v 31.84943 15.16135 1.70361
v 15.4104 10.68804 19.37464
v 23.25754 28.8672 22.72188
v 20.94917 5.18124 15.03141
v 24.94301 33.10091 13.38866
v 8.87734 48.34467 17.59746
v 8.56622 30.95647 15.15702
v 16.38999 49.12717 18.99015
v 4.94095 24.97273 -7.9597
v 25.9027 21.8894 -6.38126
v 25.29263 19.19674 4.09884
v 18.2051 26.13929 -7.61427
v 8.22891 25.22312 -19.7121
v 26.81072 25.03065 -21.03379
v 24.95329 35.86345 -12.80247
v 21.65228 22.28805 -26.61229
v 3.1276 29.97876 4.31274
v 15.79282 11.74363 -2.40618
v 4.20993 9.6219 0.56176
v 14.75036 18.37976 2.88958
v 18.32332 42.5530 -25.06327
v -3.20033 52.47752 -24.94252
v -5.91585 35.02732 -32.47567
v 1.58642 48.97818 -20.4655
v 5.17765 56.5813 -12.53811
v 3.66705 50.93404 8.29913
v -11.99102 46.97096 -2.96669
v 9.60301 56.23177 5.28976
v -26.74341 38.70308 20.45189
v 19.30704 20.51097 27.92434
v 26.74071 50.3473 0.04728
v 13.13945 1.08552 -17.44846
v -24.93469 25.85513 24.59591
v 2.46155 8.8924 29.19398
v 11.0725 17.63909 -16.68223
v 11.18417 27.63134 -30.52016
v -0.35765 36.98369 -24.27291
v 23.0463 25.41986 9.29348
v -21.52276 20.25739 22.69405
v 6.00943 33.63464 -6.74598
v -25.05225 37.95945 15.84394
v -3.44491 47.66254 29.93524
v 21.38657 33.17951 -25.46775
v 21.67739 35.17801 -27.86268
v -9.35325 -1.34112 4.34492
v -1.59149 23.54319 16.95937
v 22.27246 1.03374 -0.39474
v 2.2127 58.03633 -18.45639
v -9.53143 47.52193 5.30227
v 7.59342 21.8924 14.24657
v -2.27147 27.52014 10.92472
v 7.72763 18.09104 -13.4946
v 17.38738 32.98226 -13.86104
v 26.42388 36.24424 19.02395
v 26.50168 24.40728 11.75468
v 33.69566 23.29119 -2.22298
v -2.2907 5.18632 4.77574
v 0.15423 36.01796 25.39514
v -20.00251 39.69198 11.06841
v 5.48229 15.96109 9.02833
v -2.72704 27.07193 -34.70721
v -24.88809 33.51653 -5.82648
v -28.46126 9.75317 -6.28466
v -20.30726 52.77504 -15.64675
v -9.88013 45.38933 -9.96352
v -13.60133 11.82887 -2.62315
v -21.20688 28.36596 -4.91528
v -4.75605 36.44682 -1.03002
v -30.48023 45.35796 -2.86284
v 3.28934 25.27905 35.67025
v 24.41945 46.61098 -6.40378
v 12.32903 14.67962 -30.31988
v -24.25867 4.55766 11.45944
v -16.2913 16.25545 28.6895
v 17.76727 1.02955 -13.26706
v 9.58811 43.89148 -12.09663
v -19.03844 44.62535 -14.67785
v 20.10516 6.11546 12.33899
v -18.72929 9.37176 10.22115
v 3.42199 19.67622 -12.75814
v -12.18684 34.09968 31.83461
v -0.4447 33.23216 31.96844
v 12.96869 11.78615 -27.63796
v 19.1478 34.91223 -24.82288
v 12.10287 -1.5494 0.91653
v -9.38133 35.16504 26.59256
v 31.5245 17.43478 12.46049
v 20.43876 48.96449 -18.16135
v 11.67526 47.11911 6.2782
v 5.80531 27.8517 28.63104
v 14.78559 43.06586 12.16735
v 7.87451 10.33108 -23.70754
v 32.08698 42.33053 -3.06102
v 6.95212 32.00979 33.47153
v 28.21342 43.70351 1.51712
v 18.37793 8.58504 -9.29303
v 4.8841 28.49363 6.93357
v -11.65265 23.75308 30.50485
v 2.98842 35.15443 12.90875
v 12.31487 4.01402 13.5653
v -22.98726 34.0745 -22.48769
v -18.23624 18.29015 11.48846
v -28.78895 29.76031 -18.02667
v -18.70122 51.31185 -10.42683
v -14.86033 29.67355 6.2523
v 4.16321 13.7193 -7.3318
v -18.27434 21.99311 6.37106
v 16.95703 44.15046 -10.98957
v -2.07134 27.21332 -18.5620
v 0.61356 17.68111 -16.75168
v -4.72675 18.76589 -18.95716
v 14.65059 28.16185 -28.72859
v -13.83877 23.38442 10.72027
v -2.15823 29.89401 -5.3204
v -7.83986 29.80433 10.86576
v -9.38464 6.8093 1.41025
v -5.61306 24.9634 -22.83709
v -22.86615 20.77364 -9.2254
v -11.16779 22.09793 -24.59938
v -14.40239 37.86604 -10.84131
v -17.50444 51.78908 3.32807
v -2.6355 36.03111 13.57627
v -17.82768 43.53246 6.29917
v -3.67962 54.12472 6.79798
v -35.4382 26.81364 -0.91722
v -25.07358 18.58485 14.83765
v -34.38016 28.95548 7.71608
v -24.56393 24.96098 -5.30673
v -4.61997 6.47823 -19.68461
v -24.98558 10.90897 -14.66468
v -9.7185 5.80434 -12.2017
v -9.23992 22.64906 -30.40234
v -1.72946 13.17408 26.10661
v 0.61982 11.42268 27.93246
v -3.2537 20.41161 31.33344
v 14.71828 20.29767 18.13278
v -12.42642 53.17556 17.20448
v -8.2690 28.00723 16.66503
v -17.4137 47.02631 13.5609
v -6.5159 41.22643 28.5685
v -14.38054 12.21948 17.46029
v -14.59852 33.58574 12.30883
v -20.10645 18.99277 16.04077
v -2.27508 10.62398 11.7782
v 25.79597 12.70524 12.45269
v 13.05594 13.07294 28.85174
v 21.55192 17.1495 18.18436
v 23.12616 1.12821 8.20279
v 17.03867 40.3474 19.61002
v -1.28514 50.65364 23.3756
v 10.9836 40.46452 13.71564
v 21.04048 40.98508 23.89493
v 14.35694 19.31689 -9.4724
v 29.02773 26.62549 3.31637
v 21.40443 14.76642 -6.53486
v 15.81525 38.47865 -7.70258
v 17.96616 29.56884 -25.9298
v 31.05559 19.98402 -10.13904
v 25.74199 33.03826 -23.15653
v 15.83851 15.31884 -20.60473
v 9.86144 22.6394 -3.13745
v 7.05809 9.05254 3.60264
v 9.22251 15.68075 -6.68438
v 17.32505 19.17645 12.44348
v 7.49245 48.52925 -25.88605
v -12.84283 56.35891 -18.03965
v -0.59106 45.93179 -29.11067
v -2.77288 41.54419 -17.12914
v 3.96983 58.81457 -1.17197
v 1.35214 43.08123 0.60503
v -1.85199 52.61225 1.97807
v 21.65169 54.25042 5.92624
v 15.23628 50.08952 8.42509
v 12.4393 45.85724 -3.4538
v 7.94099 48.7210 3.11133
v 20.0365 46.89478 1.38865
v -6.31826 45.06272 3.56695
v -4.89702 35.00123 7.60734
v -10.68353 37.4970 5.1460
v -1.37944 43.39133 8.84657
v -4.11684 57.29683 -14.63378
v -7.33354 54.55903 -4.71294
v -5.79231 52.54724 -9.70027
v -1.50184 60.34865 -7.95194
v -5.65346 49.66531 -15.00404
v -10.37798 51.82591 -13.67652
v -5.7837 58.18365 -18.59138
v -12.20146 47.74609 -19.75802
v -8.81263 42.71914 -28.82873
v -18.55058 45.9305 -21.2946
v -15.91773 38.38532 -25.54328
v -11.11639 50.37618 -24.3996
v 13.73052 33.74706 -32.19909
v 2.4576 37.81106 -30.90387
v 5.5273 30.7866 -34.7724
v 10.56365 40.79622 -29.11334
v 12.44549 12.63862 8.89705
v 11.90816 0.42185 7.50801
v 12.51213 5.73503 3.61009
v 16.87036 6.73564 11.29823
v 9.5691 14.75619 -3.66816
v 10.32394 21.09934 3.76052
v 6.57643 21.77796 1.03677
v 12.17241 14.0744 -1.5094
v -2.00435 18.76503 8.13736
v 1.58889 13.55173 -2.35839
v -4.8261 11.6889 3.54749
v 1.6417 22.05784 0.35003
v 21.8869 14.04349 -23.44403
v 25.80856 9.58565 -12.94518
v 26.87491 16.78999 -17.32827
v 19.71417 7.00017 -18.20307
v 29.69946 36.08211 -16.46929
v 34.13342 31.06229 -6.42415
v 31.59067 39.25113 -9.66327
v 32.41573 27.95563 -14.40956
v 17.62381 18.00601 -16.54136
v 24.8574 28.06355 -16.94557
v 19.87516 24.7085 -11.36886
v 17.09653 26.78515 -18.5886
v 22.63665 33.76853 -7.11442
v 28.58621 37.47435 -2.29307
v 29.75471 29.11536 -4.90685
v 26.31126 39.75647 -9.14433
v 25.70657 11.63657 -0.91103
v 26.29905 15.80783 8.69507
v 25.59999 8.44359 7.80149
v 29.00681 18.3157 0.9202
v 13.11771 31.75477 -1.55378
v 21.55553 22.69617 -2.79454
v 21.08992 30.30825 2.15376
v 13.25867 23.60645 -5.21216
v 13.86769 45.84273 25.6129
v 3.16728 43.4619 29.41151
v 6.4334 51.06316 25.77057
v 10.72765 39.26157 29.84265
v 8.46343 38.85606 16.96857
v 2.18094 39.31739 27.31828
v 9.58992 34.9592 24.9339
v 4.13527 44.88829 20.25335
v 19.44373 22.66937 17.39481
v 12.15865 31.43063 12.2483
v 12.52165 22.12033 12.3812
v 18.36385 31.40234 18.66277
v 21.49236 3.43219 17.79473
v 22.80012 15.5876 20.99718
v 17.35148 8.82943 22.78076
v 26.38852 10.59131 15.37771
v 18.14197 21.84895 24.94931
v 7.96833 20.20329 31.43947
v 13.60714 26.78596 30.73627
v 11.92441 15.1417 25.76561
v 33.24183 26.94538 5.59832
v 27.15393 24.07495 16.31578
v 31.40173 31.41094 13.41738
v 30.24172 19.39242 9.30148
v -5.11109 17.79973 16.31733
v -2.68234 30.07691 16.02702
v -11.07041 24.56598 14.50091
v 1.43098 22.60917 12.23712
v -24.36458 26.26373 13.04675
v -25.05257 34.32152 7.08189
v -28.75054 33.46269 9.52375
v -21.61015 27.27744 11.42736
v -16.26465 22.8015 28.97303
v -14.42176 24.12238 19.15142
v -9.72248 29.20934 25.62615
v -11.34733 16.93818 23.32366
v -8.50282 40.47747 25.22724
v -2.48384 29.34703 24.22034
v -5.28428 35.05529 19.36804
v -7.90022 32.76787 29.93847
v -23.03161 40.80561 14.24805
v -13.35992 34.77466 19.55865
v -18.56218 41.24185 21.81394
v -16.67467 34.4945 14.24694
v -21.47156 45.96125 4.40453
v -23.0216 52.47474 10.76288
v -27.10963 50.06075 4.50215
v -15.70906 51.36695 8.66449
v 11.27529 23.38445 22.64324
v 7.36296 16.44508 27.37111
v 6.09213 17.70955 24.52581
v 12.87879 23.38089 26.13517
v -1.83585 25.28046 34.37585
v -9.05511 15.99845 31.32544
v -9.46753 24.62349 33.56702
v -1.56132 16.34319 32.69758
v 4.04194 22.75957 14.72707
v -0.60398 24.49246 26.11864
v 4.39757 29.37457 20.90379
v -0.91852 17.72986 20.0487
v -15.66873 19.06136 -25.4086
v -25.54045 21.78644 -20.95548
v -20.43699 17.40942 -17.94673
v -20.5186 26.47915 -26.58641
v -12.87655 6.67665 -4.27217
v -23.70859 2.74626 -4.96951
v -15.78006 -0.7199 -1.94418
v -19.10927 9.49269 -8.5145
v 8.96589 -1.7571 -11.57305
v -1.58565 2.82243 -8.53727
v 6.2303 2.96345 -4.22633
v 1.60176 0.76544 -16.0647
v -29.11627 17.58904 -1.74119
v -26.30536 9.75509 6.8301
v -29.49569 17.5836 6.92538
v -26.02996 16.07766 4.44678
v -31.42956 31.05243 15.75378
v -22.29934 29.01795 21.03302
v -25.91089 33.09644 22.3509
v -27.66566 27.11743 14.33187
v -30.1575 10.32542 2.59151
v -32.80289 20.32369 9.65709
v -29.35934 12.23313 11.17723
v -33.05318 18.39721 0.86434
v -2.39002 53.83253 13.04994
v 6.37942 45.07448 12.86541
v -2.87673 45.06261 14.16214
v 6.8877 52.39013 12.4205
v -19.38855 35.33184 9.08514
v -10.07743 27.05413 12.67476
v -19.09245 26.26511 10.78492
v -10.70023 35.68934 12.61849
v -25.77012 47.23059 -11.2611
v -23.75603 41.76493 -0.71592
v -29.64241 40.69288 -6.78649
v -22.63943 50.22138 -3.58217
v -16.63888 29.24388 -10.04113
v -19.2774 21.52999 -0.59584
v -16.26582 20.4333 -8.46027
v -17.85851 30.86834 -1.53917
v -15.73295 29.37526 -22.61413
v -21.03416 32.59631 -12.68274
v -19.27719 37.19521 -19.93267
v -21.0457 24.84093 -16.92989
v 6.36344 25.2673 -32.57024
v -5.22229 27.0192 -29.61806
v 2.76279 30.81542 -29.95619
v -0.67733 23.57096 -28.40433
v -8.01163 14.47584 0.01624
v -4.91681 19.78631 -10.60964
v -6.2285 22.88151 -2.30166
v -1.82218 13.96696 -4.87216
v -1.73929 36.46321 9.67719
v 4.40144 39.7771 -0.67996
v 5.12899 41.74923 7.30534
v 0.13703 32.26028 2.50585
v -20.64929 35.66389 -0.24191
v -12.57507 36.0821 8.7956
v -16.03578 41.53983 3.47511
v -18.85817 30.5037 6.75753
v 8.37572 22.46731 -31.44913
v 5.32667 18.83902 -23.63441
v 3.66425 21.69519 -24.3171
v 11.49466 18.9808 -29.03101
v -2.95477 10.65913 -16.9744
v 8.46513 9.05863 -15.86634
v 2.83646 6.78064 -11.33294
v 2.80961 11.63102 -22.44761
v -7.29337 27.81841 -1.81143
v -9.06473 19.78491 -11.2533
v -13.21815 20.98591 -3.03599
v -6.68524 28.85206 -11.18725
v 11.10049 37.63304 -12.83309
v 9.68044 30.44381 -22.33136
v 4.68202 31.91807 -15.28568
v 16.80088 33.66771 -18.28176
v -22.31344 16.29173 8.35053
v -14.94367 10.90867 7.13928
v -20.16878 18.72571 10.06205
v -16.01417 13.20738 4.88122
v 3.88754 38.65208 -16.50749
v -7.16109 34.37692 -15.09168
v -1.04416 32.44872 -20.54685
v -2.39884 40.35702 -10.27402
v -11.92027 56.0990 -6.29752
v -7.9444 59.22372 4.58056
v -16.1480 59.52078 0.55479
v -13.47607 52.77383 0.28569
v -32.61129 24.71848 -12.13788
v -28.23121 28.60731 -6.15509
v -32.24674 25.06279 -8.67862
v -27.07453 31.9689 -13.51948
v 4.57067 13.77464 -27.69297
v -4.88933 14.80255 -29.53679
v 0.34019 8.05843 -26.87468
v 2.21269 18.93653 -32.25604
v 7.30694 4.55576 15.48322
v 9.7163 13.6209 21.44127
v 3.01789 7.7350 20.75295
v 6.07371 13.15921 13.43313
v -0.63235 41.72414 16.41104
v -4.12784 47.34097 22.43694
v -5.61284 49.82942 16.04014
v 1.64708 41.42036 18.74174
v -17.56943 3.69727 13.22097
v -6.83998 5.82736 16.13654
v -13.36811 4.82784 20.64993
v -9.56954 2.44207 9.26452
v 23.4196 7.9007 -2.59568
v 21.06523 3.15032 7.82698
v 29.01317 7.33195 4.19627
v 16.82278 3.47689 1.4111
v 23.11501 42.65645 6.8637
v 22.24238 47.05029 17.54474
v 20.58856 40.78359 12.23903
v 27.89812 43.56506 13.94425
v 1.15665 26.99665 -15.25311
v 10.45683 30.46626 -8.04637
v 6.55226 23.86046 -11.89127
v 9.78711 30.04256 -14.76171
v 10.30163 14.69472 -24.36312
v 16.06785 22.96956 -24.7539
v 12.8843 23.04555 -27.1872
v 12.02294 15.52816 -22.05408
v 12.49726 36.57182 6.41555
v 12.96763 25.01282 8.16787
v 11.04741 30.26204 1.22283
v 17.40631 31.22069 11.5969
v 16.47264 39.48212 -18.79376
v 5.31452 44.86658 -16.04101
v 13.37697 46.7924 -19.21022
v 8.07253 37.96875 -21.23045
v 16.30123 54.90415 -12.99141
v 16.52258 57.39703 -0.46117
v 10.75732 58.70917 -7.18983
v 20.80012 51.47584 -5.93566
v 22.56805 55.19483 -0.42646
v 10.30841 58.73447 -0.66705
v 10.97958 58.29166 -13.67243
v 2.75654 41.51508 -20.59274
v 7.54846 48.96058 -19.39184
v 19.30201 44.8694 -19.39759
v 18.15321 25.1471 11.73594
v 13.43616 24.6840 1.62565
v 7.10092 34.60449 3.73961
v 13.31866 20.66388 -19.82574
v 17.14132 24.8650 -28.81656
v 9.52512 20.62054 -22.98604
v 11.80698 35.05606 -11.3576
v 12.13978 24.90155 -9.14289
v 0.69803 22.47015 -11.23376
v 24.58101 41.91787 19.12051
v 17.81794 44.87082 15.56843
v 25.41869 38.1101 9.89362
v 18.5581 -0.56728 4.31029
v 25.23238 6.19952 11.08937
v 29.40028 9.41077 -0.99127
v -3.88333 4.33297 10.92122
v -12.84245 6.81066 14.92999
v -18.98536 6.65893 18.58451
v -2.1143 41.54091 23.69261
v -6.87657 52.66164 20.34623
v -7.23207 43.69933 16.57678
v 9.6239 16.96486 16.58381
v 3.44361 13.38288 22.90968
v 1.26819 4.61304 15.76484
v -3.83053 20.62975 -32.32121
v -5.35218 9.87577 -25.18146
v 4.37709 9.0199 -23.48779
v -23.79039 29.09905 -9.59912
v -33.44882 30.00807 -5.9937
v -27.64992 21.15967 -10.65108
v -8.11869 53.36103 2.99455
v -13.4430 56.82005 4.88123
v -14.67232 59.76958 -4.62323
v -8.41902 39.82515 -12.36864
v -6.38053 29.88982 -19.24947
v 5.09837 32.75405 -19.43677
v -15.21971 7.6009 1.91362
v -13.97638 16.7677 9.55338
v -24.08676 20.23266 5.16071
v 15.56027 31.62885 -23.8549
v 4.49675 27.08991 -19.51866
v 4.8221 37.21032 -11.64189
v -6.29737 23.74104 -15.24036
v -11.38925 15.76842 -6.88732
v -9.29104 23.20315 1.89604
v 4.60688 13.83465 -16.40007
v 8.36844 10.04961 -10.43454
v -3.50368 7.56944 -11.64821
v 7.99572 15.43192 -26.59278
v 3.61286 22.41154 -18.96971
v 2.62148 21.49905 -30.3608
v -13.44121 29.76958 10.20146
v -10.79201 41.92579 6.78167
v -18.26915 40.70734 -3.03158
v 1.08436 34.94685 -3.21247
v 7.91534 43.88428 2.57461
v -0.14612 42.0516 10.89199
v -0.47523 15.61582 -10.55009
v -5.63516 25.34902 -7.79604
v -5.84556 19.46638 3.02395
v -5.90533 21.38321 -27.38866
v -3.06565 32.60201 -28.03262
v 8.38167 29.45932 -32.09995
v -21.13227 26.40947 -11.19796
v -21.04258 38.76524 -14.01667
v -14.22246 35.48124 -23.2011
v -18.30205 26.79175 2.63544
v -20.19047 17.07023 -5.10939
v -15.56763 24.06641 -13.61129
v -19.50659 46.30344 0.55984
v -27.35976 37.18157 -2.14247
v -29.39296 42.33231 -12.97899
v -5.99283 31.80479 13.67038
v -14.87438 21.96233 13.03877
v -22.56155 30.3012 6.90146
v 11.10342 47.84643 12.16247
v 1.12546 40.90579 12.1788
v -6.92011 49.04947 12.59579
v -34.10411 23.69312 4.30164
v -29.68174 17.55104 14.31423
v -27.83977 7.16918 7.5962
v -24.94434 23.67012 18.63859
v -20.46047 34.1803 23.33399
v -28.39577 28.45174 20.20521
v -23.81563 13.34316 10.85313
v -26.91937 13.72614 11.50984
v -31.00882 21.61979 2.73739
v -3.69752 3.99789 -14.03807
v 0.60599 4.47982 -2.43174
v 10.85031 -1.21713 -5.19594
v -24.64909 6.66858 -9.95274
v -21.30131 0.22149 0.34162
v -11.41252 3.08577 0.70384
v -25.34192 28.00088 -22.9451
v -25.84983 15.75207 -18.66424
v -15.11868 15.32776 -20.42459
v -3.60373 18.92369 25.60616
v 1.70169 30.11857 26.44029
v 4.75838 28.83179 14.39308
v -4.54523 12.0227 30.58681
v -12.97621 20.30024 31.43149
v -5.74082 29.49874 34.73981
v 7.35419 22.27188 28.90167
v 6.19935 10.74443 25.11017
v 5.91473 23.83525 25.05029
v -17.57426 53.15736 13.42349
v -27.14451 47.97133 10.07225
v -26.03933 46.54843 0.32891
v -14.18745 29.40777 16.42312
v -13.72884 38.80104 24.37833
v -23.51449 43.55847 19.51533
v -7.20703 27.01106 27.77032
v -3.73329 29.10821 18.6140
v -6.43741 41.05996 19.95622
v -14.74061 18.20163 18.8017
v -14.88525 30.02386 21.65029
v -13.49829 28.3709 30.52419
v -21.08359 33.56238 11.73156
v -30.10529 35.53561 3.90801
v -24.1011 32.36777 13.65747
v 2.09391 28.88101 12.4886
v -9.49366 31.59796 14.14253
v -11.51598 18.69201 15.53876
v 25.92436 18.24674 13.88862
v 28.14466 29.9690 18.74199
v 32.65454 33.11863 7.36601
v 7.67136 13.59159 29.58832
v 8.30746 25.72931 33.60764
v 18.63877 27.7894 26.99156
v 27.08264 16.52015 16.71131
v 18.43569 14.3574 25.74025
v 15.58366 4.83485 18.50124
v 14.47565 35.7462 16.2555
v 9.3512 26.45015 10.56505
v 15.83555 17.72562 16.01966
v 0.00904 44.82199 24.91461
v 4.84886 34.12608 29.40137
v 11.78923 34.09715 19.03482
v 5.0153 37.86739 31.96033
v 1.15768 49.32502 28.02475
v 11.52964 50.94696 21.99061
v 17.47481 19.15956 -5.43434
v 23.49322 24.6265 2.92156
v 17.30008 35.40997 1.70122
v 28.34803 21.32066 6.50822
v 23.19281 10.20428 10.85578
v 24.59966 12.70439 4.35958
v 27.22155 42.63802 -4.46255
v 29.62838 31.90646 0.27202
v 24.38671 27.84112 -7.08053
v 21.62045 29.99314 -21.64201
v 22.70912 30.22648 -11.58307
v 17.54456 18.31108 -11.97005
v 33.23688 25.38428 -8.32794
v 33.44017 36.89874 -4.44826
v 27.91533 41.14077 -13.83833
v 21.18253 5.6541 -13.29652
v 29.55209 14.19592 -12.14602
v 24.58802 19.33609 -22.28008
v 4.98568 18.79347 -3.50059
v -1.66244 8.39862 -0.55397
v -4.79231 13.24123 10.39438
v 9.86145 14.78035 4.30266
v 8.76222 26.97395 2.94948
v 5.64546 15.73247 0.8556
v 16.51863 0.91731 10.87042
v 7.09991 3.00241 4.97852
v 13.56432 11.97294 3.33034
v 4.83175 43.01073 -28.29323
v 0.01142 32.60724 -33.43067
v 11.36855 28.6026 -34.33788
v -15.82139 51.4165 -19.9973
v -21.22539 40.3302 -22.69085
v -11.06725 36.78634 -29.25185
v -16.06273 50.32744 -15.84121
v -9.05404 57.7352 -13.73747
v -3.99336 52.38538 -20.01789
v -2.30368 58.0210 -1.99194
v -11.43036 50.90447 -7.66905
v -0.26335 53.86816 -12.48648
v -1.90126 39.2432 4.39074
v -9.49238 32.26633 8.17808
v -12.03519 42.6249 1.40995
v 18.45561 46.51579 -5.06735
v 6.45328 45.38729 -2.12908
v 9.34671 51.33646 8.4780
v 20.73205 48.23316 7.74847
v -2.40112 48.86083 7.42325
v 0.37038 60.06647 -13.60201
v -8.26081 44.30898 -16.79555
v -6.35888 48.49086 -28.31593
v 16.09249 37.75876 -28.5222
v 17.25049 12.56326 12.07059
v 14.99627 13.41919 -7.06905
v 0.6902 24.63823 6.12096
v 17.25957 10.13046 -22.5502
v 29.07938 30.65602 -19.15415
v 12.89413 22.2422 -17.42847
v 21.40046 39.47575 -5.42683
v 26.91508 16.29428 -4.31658
v 9.10829 28.43917 -5.08028
v 15.06979 39.81493 25.34077
v 6.1022 43.46938 15.05895
v 22.60575 27.84077 15.78919
v 25.48714 4.26718 14.26681
v 16.30552 16.56974 21.38799
v 32.6710 21.05936 3.62106
v -0.30391 16.52052 12.1357
v -22.94746 21.14435 11.66229
v -17.82645 17.54332 25.43021
v -11.05636 38.96646 30.47527
v -17.31745 40.41102 14.05196
v -18.13818 45.84275 9.88427
v 17.17985 23.96926 21.51453
v 0.32393 21.94167 34.8018
v 2.39923 16.6138 14.67013
v -15.11103 24.40435 -29.12843
v -13.32822 10.52106 -9.34593
v 7.84822 1.96304 -16.8983
v -25.88791 20.85439 -0.47749
v -29.99975 30.8487 10.09224
v -31.28062 13.72376 -2.39087
v 1.74502 54.11915 9.77937
v -14.87603 39.50866 9.44883
v -22.50569 52.15053 -9.52374
v -18.06463 34.62782 -7.19028
v -16.21252 23.4542 -20.94032
v 4.99529 26.29165 -29.32628
v -4.89067 9.54525 -1.76636
v -2.98837 30.63317 7.61082
v -21.28605 29.98969 1.32354
v 14.08697 23.56273 -31.09403
v -2.38334 13.96845 -22.27078
v -5.31358 32.40053 -5.86283
v 16.8960 39.02871 -14.99342
v -18.09661 17.31043 7.84255
v 3.77664 42.08034 -10.82483
v -17.07756 52.71565 -4.68627
v -32.1583 30.81516 -13.16141
v 7.48573 18.07602 -30.48319
v 8.64169 8.56839 11.34145
v 4.30994 40.66291 14.06235
v -14.77942 5.29894 8.16069
v 17.12949 7.69609 -3.1934
v 28.7985 44.51792 7.86566
v 7.25698 24.99642 -15.04063
v 13.29852 9.84306 -23.4440
v 16.01693 37.11736 11.6038
v 13.61323 37.89369 -24.26096
v 22.34554 52.4486 -12.86474

# Vertex Texture Coordinates:
vt 0.0000 0.0000
vt 1.0000 0.0000
vt 0.0000 1.0000
vt 1.0000 1.0000
vt 0.0000 0.5000
vt 0.5000 0.0000
vt 1.0000 0.5000
vt 0.5000 1.0000
vt 0.5000 0.5000
vt 0.0000 0.2500
vt 0.7500 0.0000
vt 1.0000 0.7500
vt 0.2500 1.0000
vt 0.0000 0.7500
vt 0.2500 0.0000
vt 1.0000 0.2500
vt 0.7500 1.0000
vt 0.5000 0.7500
vt 0.5000 0.2500
vt 0.2500 0.5000
vt 0.7500 0.5000
vt 0.7500 0.2500
vt 0.2500 0.2500
vt 0.2500 0.7500
vt 0.7500 0.7500
vt 0.0000 0.1250
vt 0.8750 0.0000
vt 1.0000 0.8750
vt 0.1250 1.0000
vt 0.0000 0.6250
vt 0.3750 0.0000
vt 1.0000 0.3750
vt 0.6250 1.0000
vt 0.5000 0.8750
vt 0.5000 0.3750
vt 0.1250 0.5000
vt 0.6250 0.5000
vt 0.0000 0.3750
vt 0.6250 0.0000
vt 1.0000 0.6250
vt 0.3750 1.0000
vt 0.0000 0.8750
vt 0.1250 0.0000
vt 1.0000 0.1250
vt 0.8750 1.0000
vt 0.5000 0.6250
vt 0.5000 0.1250
vt 0.3750 0.5000
vt 0.8750 0.5000
vt 0.7500 0.3750
vt 0.7500 0.1250
vt 0.6250 0.2500
vt 0.8750 0.2500
vt 0.2500 0.3750
vt 0.2500 0.1250
vt 0.1250 0.2500
vt 0.3750 0.2500
vt 0.2500 0.8750
vt 0.2500 0.6250
vt 0.1250 0.7500
vt 0.3750 0.7500
vt 0.7500 0.8750
vt 0.7500 0.6250
vt 0.6250 0.7500
vt 0.8750 0.7500
vt 0.8750 0.6250
vt 0.6250 0.6250
vt 0.6250 0.8750
vt 0.3750 0.6250
vt 0.1250 0.6250
vt 0.1250 0.8750
vt 0.3750 0.1250
vt 0.1250 0.1250
vt 0.1250 0.3750
vt 0.8750 0.1250
vt 0.6250 0.1250
vt 0.6250 0.3750
vt 0.8750 0.3750
vt 0.3750 0.3750
vt 0.3750 0.8750
vt 0.8750 0.8750
vt 0.0000 0.0625
vt 0.9375 0.0000
vt 1.0000 0.9375
vt 0.0625 1.0000
vt 0.0000 0.5625
vt 0.4375 0.0000
vt 1.0000 0.4375
vt 0.5625 1.0000
vt 0.5000 0.9375
vt 0.5000 0.4375
vt 0.0625 0.5000
vt 0.5625 0.5000
vt 0.0000 0.3125
vt 0.6875 0.0000
vt 1.0000 0.6875
vt 0.3125 1.0000
vt 0.0000 0.8125
vt 0.1875 0.0000
vt 1.0000 0.1875
vt 0.8125 1.0000
vt 0.5000 0.6875
vt 0.5000 0.1875
vt 0.3125 0.5000
vt 0.8125 0.5000
vt 0.7500 0.4375
vt 0.7500 0.1875
vt 0.5625 0.2500
vt 0.8125 0.2500
vt 0.2500 0.4375
vt 0.2500 0.1875
vt 0.0625 0.2500
vt 0.3125 0.2500
vt 0.2500 0.9375
vt 0.2500 0.6875
vt 0.0625 0.7500
vt 0.3125 0.7500
vt 0.7500 0.9375
vt 0.7500 0.6875
vt 0.5625 0.7500
vt 0.8125 0.7500
vt 0.0000 0.1875
vt 0.8125 0.0000
vt 1.0000 0.8125
vt 0.1875 1.0000
vt 0.0000 0.6875
vt 0.3125 0.0000
vt 1.0000 0.3125
vt 0.6875 1.0000
vt 0.5000 0.8125
vt 0.5000 0.3125
vt 0.1875 0.5000
vt 0.6875 0.5000
vt 0.0000 0.4375
vt 0.5625 0.0000
vt 1.0000 0.5625
vt 0.4375 1.0000
vt 0.0000 0.9375
vt 0.0625 0.0000
vt 1.0000 0.0625
vt 0.9375 1.0000
vt 0.5000 0.5625
vt 0.5000 0.0625
vt 0.4375 0.5000
vt 0.9375 0.5000
vt 0.7500 0.3125
vt 0.7500 0.0625
vt 0.6875 0.2500
vt 0.9375 0.2500
vt 0.2500 0.3125
vt 0.2500 0.0625
vt 0.1875 0.2500
vt 0.4375 0.2500
vt 0.2500 0.8125
vt 0.2500 0.5625
vt 0.1875 0.7500
vt 0.4375 0.7500
vt 0.7500 0.8125
vt 0.7500 0.5625
vt 0.6875 0.7500
vt 0.9375 0.7500
vt 0.8750 0.6875
vt 0.8750 0.5625
vt 0.8125 0.6250
vt 0.9375 0.6250
vt 0.6250 0.6875
vt 0.6250 0.5625
vt 0.5625 0.6250
vt 0.6875 0.6250
vt 0.6250 0.9375
vt 0.6250 0.8125
vt 0.5625 0.8750
vt 0.6875 0.8750
vt 0.3750 0.6875
vt 0.3750 0.5625
vt 0.3125 0.6250
vt 0.4375 0.6250
vt 0.1250 0.6875
vt 0.1250 0.5625
vt 0.0625 0.6250
vt 0.1875 0.6250
vt 0.1250 0.9375
vt 0.1250 0.8125
vt 0.0625 0.8750
vt 0.1875 0.8750
vt 0.3750 0.1875
vt 0.3750 0.0625
vt 0.3125 0.1250
vt 0.4375 0.1250
vt 0.1250 0.1875
vt 0.1250 0.0625
vt 0.0625 0.1250
vt 0.1875 0.1250
vt 0.1250 0.4375
vt 0.1250 0.3125
vt 0.0625 0.3750
vt 0.1875 0.3750
vt 0.8750 0.1875
vt 0.8750 0.0625
vt 0.8125 0.1250
vt 0.9375 0.1250
vt 0.6250 0.1875
vt 0.6250 0.0625
vt 0.5625 0.1250
vt 0.6875 0.1250
vt 0.6250 0.4375
vt 0.6250 0.3125
vt 0.5625 0.3750
vt 0.6875 0.3750
vt 0.8750 0.4375
vt 0.8750 0.3125
vt 0.8125 0.3750
vt 0.9375 0.3750
vt 0.3750 0.4375
vt 0.3750 0.3125
vt 0.3125 0.3750
vt 0.4375 0.3750
vt 0.3750 0.9375
vt 0.3750 0.8125
vt 0.3125 0.8750
vt 0.4375 0.8750
vt 0.8750 0.9375
vt 0.8750 0.8125
vt 0.8125 0.8750
vt 0.9375 0.8750
vt 0.9375 0.8125
vt 0.8125 0.8125
vt 0.8125 0.9375
vt 0.4375 0.8125
vt 0.3125 0.8125
vt 0.3125 0.9375
vt 0.4375 0.3125
vt 0.3125 0.3125
vt 0.3125 0.4375
vt 0.9375 0.3125
vt 0.8125 0.3125
vt 0.8125 0.4375
vt 0.6875 0.3125
vt 0.5625 0.3125
vt 0.5625 0.4375
vt 0.6875 0.0625
vt 0.5625 0.0625
vt 0.5625 0.1875
vt 0.9375 0.0625
vt 0.8125 0.0625
vt 0.8125 0.1875
vt 0.1875 0.3125
vt 0.0625 0.3125
vt 0.0625 0.4375
vt 0.1875 0.0625
vt 0.0625 0.0625
vt 0.0625 0.1875
vt 0.4375 0.0625
vt 0.3125 0.0625
vt 0.3125 0.1875
vt 0.1875 0.8125
vt 0.0625 0.8125
vt 0.0625 0.9375
vt 0.1875 0.5625
vt 0.0625 0.5625
vt 0.0625 0.6875
vt 0.4375 0.5625
vt 0.3125 0.5625
vt 0.3125 0.6875
vt 0.6875 0.8125
vt 0.5625 0.8125
vt 0.5625 0.9375
vt 0.6875 0.5625
vt 0.5625 0.5625
vt 0.5625 0.6875
vt 0.9375 0.5625
vt 0.8125 0.5625
vt 0.8125 0.6875
vt 0.9375 0.6875
vt 0.6875 0.6875
vt 0.6875 0.9375
vt 0.4375 0.6875
vt 0.1875 0.6875
vt 0.1875 0.9375
vt 0.4375 0.1875
vt 0.1875 0.1875
vt 0.1875 0.4375
vt 0.9375 0.1875
vt 0.6875 0.1875
vt 0.6875 0.4375
vt 0.9375 0.4375
vt 0.4375 0.4375
vt 0.4375 0.9375
vt 0.9375 0.9375
vt 0.0000 0.03125
vt 0.96875 0.0000
vt 1.0000 0.96875
vt 0.03125 1.0000
vt 0.0000 0.53125
vt 0.46875 0.0000
vt 1.0000 0.46875
vt 0.53125 1.0000
vt 0.5000 0.96875
vt 0.5000 0.46875
vt 0.03125 0.5000
vt 0.53125 0.5000
vt 0.0000 0.28125
vt 0.71875 0.0000
vt 1.0000 0.71875
vt 0.28125 1.0000
vt 0.0000 0.78125
vt 0.21875 0.0000
vt 1.0000 0.21875
vt 0.78125 1.0000
vt 0.5000 0.71875
vt 0.5000 0.21875
vt 0.28125 0.5000
vt 0.78125 0.5000
vt 0.7500 0.46875
vt 0.7500 0.21875
vt 0.53125 0.2500
vt 0.78125 0.2500
vt 0.2500 0.46875
vt 0.2500 0.21875
vt 0.03125 0.2500
vt 0.28125 0.2500
vt 0.2500 0.96875
vt 0.2500 0.71875
vt 0.03125 0.7500
vt 0.28125 0.7500
vt 0.7500 0.96875
vt 0.7500 0.71875
vt 0.53125 0.7500
vt 0.78125 0.7500
vt 0.0000 0.15625
vt 0.84375 0.0000
vt 1.0000 0.84375
vt 0.15625 1.0000
vt 0.0000 0.65625
vt 0.34375 0.0000
vt 1.0000 0.34375
vt 0.65625 1.0000
vt 0.5000 0.84375
vt 0.5000 0.34375
vt 0.15625 0.5000
vt 0.65625 0.5000
vt 0.0000 0.40625
vt 0.59375 0.0000
vt 1.0000 0.59375
vt 0.40625 1.0000
vt 0.0000 0.90625
vt 0.09375 0.0000
vt 1.0000 0.09375
vt 0.90625 1.0000
vt 0.5000 0.59375
vt 0.5000 0.09375
vt 0.40625 0.5000
vt 0.90625 0.5000
vt 0.7500 0.34375
vt 0.7500 0.09375
vt 0.65625 0.2500
vt 0.90625 0.2500
vt 0.2500 0.34375
vt 0.2500 0.09375
vt 0.15625 0.2500
vt 0.40625 0.2500
vt 0.2500 0.84375
vt 0.2500 0.59375
vt 0.15625 0.7500
vt 0.40625 0.7500
vt 0.7500 0.84375
vt 0.7500 0.59375
vt 0.65625 0.7500
vt 0.90625 0.7500
vt 0.8750 0.71875
vt 0.8750 0.59375
vt 0.78125 0.6250
vt 0.90625 0.6250
vt 0.6250 0.71875
vt 0.6250 0.59375
vt 0.53125 0.6250
vt 0.65625 0.6250
vt 0.6250 0.96875
vt 0.6250 0.84375
vt 0.53125 0.8750
vt 0.65625 0.8750
vt 0.3750 0.71875
vt 0.3750 0.59375
vt 0.28125 0.6250
vt 0.40625 0.6250
vt 0.1250 0.71875
vt 0.1250 0.59375
vt 0.03125 0.6250
vt 0.15625 0.6250
vt 0.1250 0.96875
vt 0.1250 0.84375
vt 0.03125 0.8750
vt 0.15625 0.8750
vt 0.3750 0.21875
vt 0.3750 0.09375
vt 0.28125 0.1250
vt 0.40625 0.1250
vt 0.1250 0.21875
vt 0.1250 0.09375
vt 0.03125 0.1250
vt 0.15625 0.1250
vt 0.1250 0.46875
vt 0.1250 0.34375
vt 0.03125 0.3750
vt 0.15625 0.3750
vt 0.8750 0.21875
vt 0.8750 0.09375
vt 0.78125 0.1250
vt 0.90625 0.1250
vt 0.6250 0.21875
vt 0.6250 0.09375
vt 0.53125 0.1250
vt 0.65625 0.1250
vt 0.6250 0.46875
vt 0.6250 0.34375
vt 0.53125 0.3750
vt 0.65625 0.3750
vt 0.8750 0.46875
vt 0.8750 0.34375
vt 0.78125 0.3750
vt 0.90625 0.3750
vt 0.3750 0.46875
vt 0.3750 0.34375
vt 0.28125 0.3750
vt 0.40625 0.3750
vt 0.3750 0.96875
vt 0.3750 0.84375
vt 0.28125 0.8750
vt 0.40625 0.8750
vt 0.8750 0.96875
vt 0.8750 0.84375
vt 0.78125 0.8750
vt 0.90625 0.8750
vt 0.0000 0.09375
vt 0.90625 0.0000
vt 1.0000 0.90625
vt 0.09375 1.0000
vt 0.0000 0.59375
vt 0.40625 0.0000
vt 1.0000 0.40625
vt 0.59375 1.0000
vt 0.5000 0.90625
vt 0.5000 0.40625
vt 0.09375 0.5000
vt 0.59375 0.5000
vt 0.0000 0.34375
vt 0.65625 0.0000
vt 1.0000 0.65625
vt 0.34375 1.0000
vt 0.0000 0.84375
vt 0.15625 0.0000
vt 1.0000 0.15625
vt 0.84375 1.0000
vt 0.5000 0.65625
vt 0.5000 0.15625
vt 0.34375 0.5000
vt 0.84375 0.5000
vt 0.7500 0.40625
vt 0.7500 0.15625
vt 0.59375 0.2500
vt 0.84375 0.2500
vt 0.2500 0.40625
vt 0.2500 0.15625
vt 0.09375 0.2500
vt 0.34375 0.2500
vt 0.2500 0.90625
vt 0.2500 0.65625
vt 0.09375 0.7500
vt 0.34375 0.7500
vt 0.7500 0.90625
vt 0.7500 0.65625
vt 0.59375 0.7500
vt 0.84375 0.7500
vt 0.0000 0.21875
vt 0.78125 0.0000
vt 1.0000 0.78125
vt 0.21875 1.0000
vt 0.0000 0.71875
vt 0.28125 0.0000
vt 1.0000 0.28125
vt 0.71875 1.0000
vt 0.5000 0.78125
vt 0.5000 0.28125
vt 0.21875 0.5000
vt 0.71875 0.5000
vt 0.0000 0.46875
vt 0.53125 0.0000
vt 1.0000 0.53125
vt 0.46875 1.0000
vt 0.0000 0.96875
vt 0.03125 0.0000
vt 1.0000 0.03125
vt 0.96875 1.0000
vt 0.5000 0.53125
vt 0.5000 0.03125
vt 0.46875 0.5000
vt 0.96875 0.5000
vt 0.7500 0.28125
vt 0.7500 0.03125
vt 0.71875 0.2500
vt 0.96875 0.2500
vt 0.2500 0.28125
vt 0.2500 0.03125
vt 0.21875 0.2500
vt 0.46875 0.2500
vt 0.2500 0.78125
vt 0.2500 0.53125
vt 0.21875 0.7500
vt 0.46875 0.7500
vt 0.7500 0.78125
vt 0.7500 0.53125
vt 0.71875 0.7500
vt 0.96875 0.7500
vt 0.8750 0.65625
vt 0.8750 0.53125
vt 0.84375 0.6250
vt 0.96875 0.6250
vt 0.6250 0.65625
vt 0.6250 0.53125
vt 0.59375 0.6250
vt 0.71875 0.6250
vt 0.6250 0.90625
vt 0.6250 0.78125
vt 0.59375 0.8750
vt 0.71875 0.8750
vt 0.3750 0.65625
vt 0.3750 0.53125
vt 0.34375 0.6250
vt 0.46875 0.6250
vt 0.1250 0.65625
vt 0.1250 0.53125
vt 0.09375 0.6250
vt 0.21875 0.6250
vt 0.1250 0.90625
vt 0.1250 0.78125
vt 0.09375 0.8750
vt 0.21875 0.8750
vt 0.3750 0.15625
vt 0.3750 0.03125
vt 0.34375 0.1250
vt 0.46875 0.1250
vt 0.1250 0.15625
vt 0.1250 0.03125
vt 0.09375 0.1250
vt 0.21875 0.1250
vt 0.1250 0.40625
vt 0.1250 0.28125
vt 0.09375 0.3750
vt 0.21875 0.3750
vt 0.8750 0.15625
vt 0.8750 0.03125
vt 0.84375 0.1250
vt 0.96875 0.1250
vt 0.6250 0.15625
vt 0.6250 0.03125
vt 0.59375 0.1250
vt 0.71875 0.1250
vt 0.6250 0.40625
vt 0.6250 0.28125
vt 0.59375 0.3750
vt 0.71875 0.3750
vt 0.8750 0.40625
vt 0.8750 0.28125
vt 0.84375 0.3750
vt 0.96875 0.3750
vt 0.3750 0.40625
vt 0.3750 0.28125
vt 0.34375 0.3750
vt 0.46875 0.3750
vt 0.3750 0.90625
vt 0.3750 0.78125
vt 0.34375 0.8750
vt 0.46875 0.8750
vt 0.8750 0.90625
vt 0.8750 0.78125
vt 0.84375 0.8750
vt 0.96875 0.8750
vt 0.9375 0.84375
vt 0.9375 0.78125
vt 0.90625 0.8125
vt 0.96875 0.8125
vt 0.8125 0.84375
vt 0.8125 0.78125
vt 0.78125 0.8125
vt 0.84375 0.8125
vt 0.8125 0.96875
vt 0.8125 0.90625
vt 0.78125 0.9375
vt 0.84375 0.9375
vt 0.4375 0.84375
vt 0.4375 0.78125
vt 0.40625 0.8125
vt 0.46875 0.8125
vt 0.3125 0.84375
vt 0.3125 0.78125
vt 0.28125 0.8125
vt 0.34375 0.8125
vt 0.3125 0.96875
vt 0.3125 0.90625
vt 0.28125 0.9375
vt 0.34375 0.9375
vt 0.4375 0.34375
vt 0.4375 0.28125
vt 0.40625 0.3125
vt 0.46875 0.3125
vt 0.3125 0.34375
vt 0.3125 0.28125
vt 0.28125 0.3125
vt 0.34375 0.3125
vt 0.3125 0.46875
vt 0.3125 0.40625
vt 0.28125 0.4375
vt 0.34375 0.4375
vt 0.9375 0.34375
vt 0.9375 0.28125
vt 0.90625 0.3125
vt 0.96875 0.3125
vt 0.8125 0.34375
vt 0.8125 0.28125
vt 0.78125 0.3125
vt 0.84375 0.3125
vt 0.8125 0.46875
vt 0.8125 0.40625
vt 0.78125 0.4375
vt 0.84375 0.4375
vt 0.6875 0.34375
vt 0.6875 0.28125
vt 0.65625 0.3125
vt 0.71875 0.3125
vt 0.5625 0.34375
vt 0.5625 0.28125
vt 0.53125 0.3125
vt 0.59375 0.3125
vt 0.5625 0.46875
vt 0.5625 0.40625
vt 0.53125 0.4375
vt 0.59375 0.4375
vt 0.6875 0.09375
vt 0.6875 0.03125
vt 0.65625 0.0625
vt 0.71875 0.0625
vt 0.5625 0.09375
vt 0.5625 0.03125
vt 0.53125 0.0625
vt 0.59375 0.0625
vt 0.5625 0.21875
vt 0.5625 0.15625
vt 0.53125 0.1875
vt 0.59375 0.1875
vt 0.9375 0.09375
vt 0.9375 0.03125
vt 0.90625 0.0625
vt 0.96875 0.0625
vt 0.8125 0.09375
vt 0.8125 0.03125
vt 0.78125 0.0625
vt 0.84375 0.0625
vt 0.8125 0.21875
vt 0.8125 0.15625
vt 0.78125 0.1875
vt 0.84375 0.1875
vt 0.1875 0.34375
vt 0.1875 0.28125
vt 0.15625 0.3125
vt 0.21875 0.3125
vt 0.0625 0.34375
vt 0.0625 0.28125
vt 0.03125 0.3125
vt 0.09375 0.3125
vt 0.0625 0.46875
vt 0.0625 0.40625
vt 0.03125 0.4375
vt 0.09375 0.4375
vt 0.1875 0.09375
vt 0.1875 0.03125
vt 0.15625 0.0625
vt 0.21875 0.0625
vt 0.0625 0.09375
vt 0.0625 0.03125
vt 0.03125 0.0625
vt 0.09375 0.0625
vt 0.0625 0.21875
vt 0.0625 0.15625
vt 0.03125 0.1875
vt 0.09375 0.1875
vt 0.4375 0.09375
vt 0.4375 0.03125
vt 0.40625 0.0625
vt 0.46875 0.0625
vt 0.3125 0.09375
vt 0.3125 0.03125
vt 0.28125 0.0625
vt 0.34375 0.0625
vt 0.3125 0.21875
vt 0.3125 0.15625
vt 0.28125 0.1875
vt 0.34375 0.1875
vt 0.1875 0.84375
vt 0.1875 0.78125
vt 0.15625 0.8125
vt 0.21875 0.8125
vt 0.0625 0.84375
vt 0.0625 0.78125
vt 0.03125 0.8125
vt 0.09375 0.8125
vt 0.0625 0.96875
vt 0.0625 0.90625
vt 0.03125 0.9375
vt 0.09375 0.9375
vt 0.1875 0.59375
vt 0.1875 0.53125
vt 0.15625 0.5625
vt 0.21875 0.5625
vt 0.0625 0.59375
vt 0.0625 0.53125
vt 0.03125 0.5625
vt 0.09375 0.5625
vt 0.0625 0.71875
vt 0.0625 0.65625
vt 0.03125 0.6875
vt 0.09375 0.6875
vt 0.4375 0.59375
vt 0.4375 0.53125
vt 0.40625 0.5625
vt 0.46875 0.5625
vt 0.3125 0.59375
vt 0.3125 0.53125
vt 0.28125 0.5625
vt 0.34375 0.5625
vt 0.3125 0.71875
vt 0.3125 0.65625
vt 0.28125 0.6875
vt 0.34375 0.6875
vt 0.6875 0.84375
vt 0.6875 0.78125
vt 0.65625 0.8125
vt 0.71875 0.8125
vt 0.5625 0.84375
vt 0.5625 0.78125
vt 0.53125 0.8125
vt 0.59375 0.8125
vt 0.5625 0.96875
vt 0.5625 0.90625
vt 0.53125 0.9375
vt 0.59375 0.9375
vt 0.6875 0.59375
vt 0.6875 0.53125
vt 0.65625 0.5625
vt 0.71875 0.5625
vt 0.5625 0.59375
vt 0.5625 0.53125
vt 0.53125 0.5625
vt 0.59375 0.5625
vt 0.5625 0.71875
vt 0.5625 0.65625
vt 0.53125 0.6875
vt 0.59375 0.6875
vt 0.9375 0.59375
vt 0.9375 0.53125
vt 0.90625 0.5625
vt 0.96875 0.5625
vt 0.8125 0.59375
vt 0.8125 0.53125
vt 0.78125 0.5625
vt 0.84375 0.5625
vt 0.8125 0.71875
vt 0.8125 0.65625
vt 0.78125 0.6875
vt 0.84375 0.6875
vt 0.9375 0.71875
vt 0.9375 0.65625
vt 0.90625 0.6875
vt 0.96875 0.6875
vt 0.6875 0.71875
vt 0.6875 0.65625
vt 0.65625 0.6875
vt 0.71875 0.6875
vt 0.6875 0.96875
vt 0.6875 0.90625
vt 0.65625 0.9375
vt 0.71875 0.9375
vt 0.4375 0.71875
vt 0.4375 0.65625
vt 0.40625 0.6875
vt 0.46875 0.6875
vt 0.1875 0.71875
vt 0.1875 0.65625
vt 0.15625 0.6875
vt 0.21875 0.6875
vt 0.1875 0.96875
vt 0.1875 0.90625
vt 0.15625 0.9375
vt 0.21875 0.9375
vt 0.4375 0.21875
vt 0.4375 0.15625
vt 0.40625 0.1875
vt 0.46875 0.1875
vt 0.1875 0.21875
vt 0.1875 0.15625
vt 0.15625 0.1875
vt 0.21875 0.1875
vt 0.1875 0.46875
vt 0.1875 0.40625
vt 0.15625 0.4375
vt 0.21875 0.4375
vt 0.9375 0.21875
vt 0.9375 0.15625
vt 0.90625 0.1875
vt 0.96875 0.1875
vt 0.6875 0.21875
vt 0.6875 0.15625
vt 0.65625 0.1875
vt 0.71875 0.1875
vt 0.6875 0.46875
vt 0.6875 0.40625
vt 0.65625 0.4375
vt 0.71875 0.4375
vt 0.9375 0.46875
vt 0.9375 0.40625
vt 0.90625 0.4375
vt 0.96875 0.4375
vt 0.4375 0.46875
vt 0.4375 0.40625
vt 0.40625 0.4375
vt 0.46875 0.4375
vt 0.4375 0.96875
vt 0.4375 0.90625
vt 0.40625 0.9375
vt 0.46875 0.9375
vt 0.9375 0.96875
vt 0.9375 0.90625
vt 0.90625 0.9375
vt 0.96875 0.9375
vt 0.96875 0.90625
vt 0.90625 0.90625
vt 0.90625 0.96875
vt 0.46875 0.90625
vt 0.40625 0.90625
vt 0.40625 0.96875
vt 0.46875 0.40625
vt 0.40625 0.40625
vt 0.40625 0.46875
vt 0.96875 0.40625
vt 0.90625 0.40625
vt 0.90625 0.46875
vt 0.71875 0.40625
vt 0.65625 0.40625
vt 0.65625 0.46875
vt 0.71875 0.15625
vt 0.65625 0.15625
vt 0.65625 0.21875
vt 0.96875 0.15625
vt 0.90625 0.15625
vt 0.90625 0.21875
vt 0.21875 0.40625
vt 0.15625 0.40625
vt 0.15625 0.46875
vt 0.21875 0.15625
vt 0.15625 0.15625
vt 0.15625 0.21875
vt 0.46875 0.15625
vt 0.40625 0.15625
vt 0.40625 0.21875
vt 0.21875 0.90625
vt 0.15625 0.90625
vt 0.15625 0.96875
vt 0.21875 0.65625
vt 0.15625 0.65625
vt 0.15625 0.71875
vt 0.46875 0.65625
vt 0.40625 0.65625
vt 0.40625 0.71875
vt 0.71875 0.90625
vt 0.65625 0.90625
vt 0.65625 0.96875
vt 0.71875 0.65625
vt 0.65625 0.65625
vt 0.65625 0.71875
vt 0.96875 0.65625
vt 0.90625 0.65625
vt 0.90625 0.71875
vt 0.84375 0.65625
vt 0.78125 0.65625
vt 0.78125 0.71875
vt 0.84375 0.53125
vt 0.78125 0.53125
vt 0.78125 0.59375
vt 0.96875 0.53125
vt 0.90625 0.53125
vt 0.90625 0.59375
vt 0.59375 0.65625
vt 0.53125 0.65625
vt 0.53125 0.71875
vt 0.59375 0.53125
vt 0.53125 0.53125
vt 0.53125 0.59375
vt 0.71875 0.53125
vt 0.65625 0.53125
vt 0.65625 0.59375
vt 0.59375 0.90625
vt 0.53125 0.90625
vt 0.53125 0.96875
vt 0.59375 0.78125
vt 0.53125 0.78125
vt 0.53125 0.84375
vt 0.71875 0.78125
vt 0.65625 0.78125
vt 0.65625 0.84375
vt 0.34375 0.65625
vt 0.28125 0.65625
vt 0.28125 0.71875
vt 0.34375 0.53125
vt 0.28125 0.53125
vt 0.28125 0.59375
vt 0.46875 0.53125
vt 0.40625 0.53125
vt 0.40625 0.59375
vt 0.09375 0.65625
vt 0.03125 0.65625
vt 0.03125 0.71875
vt 0.09375 0.53125
vt 0.03125 0.53125
vt 0.03125 0.59375
vt 0.21875 0.53125
vt 0.15625 0.53125
vt 0.15625 0.59375
vt 0.09375 0.90625
vt 0.03125 0.90625
vt 0.03125 0.96875
vt 0.09375 0.78125
vt 0.03125 0.78125
vt 0.03125 0.84375
vt 0.21875 0.78125
vt 0.15625 0.78125
vt 0.15625 0.84375
vt 0.34375 0.15625
vt 0.28125 0.15625
vt 0.28125 0.21875
vt 0.34375 0.03125
vt 0.28125 0.03125
vt 0.28125 0.09375
vt 0.46875 0.03125
vt 0.40625 0.03125
vt 0.40625 0.09375
vt 0.09375 0.15625
vt 0.03125 0.15625
vt 0.03125 0.21875
vt 0.09375 0.03125
vt 0.03125 0.03125
vt 0.03125 0.09375
vt 0.21875 0.03125
vt 0.15625 0.03125
vt 0.15625 0.09375
vt 0.09375 0.40625
vt 0.03125 0.40625
vt 0.03125 0.46875
vt 0.09375 0.28125
vt 0.03125 0.28125
vt 0.03125 0.34375
vt 0.21875 0.28125
vt 0.15625 0.28125
vt 0.15625 0.34375
vt 0.84375 0.15625
vt 0.78125 0.15625
vt 0.78125 0.21875
vt 0.84375 0.03125
vt 0.78125 0.03125
vt 0.78125 0.09375
vt 0.96875 0.03125
vt 0.90625 0.03125
vt 0.90625 0.09375
vt 0.59375 0.15625
vt 0.53125 0.15625
vt 0.53125 0.21875
vt 0.59375 0.03125
vt 0.53125 0.03125
vt 0.53125 0.09375
vt 0.71875 0.03125
vt 0.65625 0.03125
vt 0.65625 0.09375
vt 0.59375 0.40625
vt 0.53125 0.40625
vt 0.53125 0.46875
vt 0.59375 0.28125
vt 0.53125 0.28125
vt 0.53125 0.34375
vt 0.71875 0.28125
vt 0.65625 0.28125
vt 0.65625 0.34375
vt 0.84375 0.40625
vt 0.78125 0.40625
vt 0.78125 0.46875
vt 0.84375 0.28125
vt 0.78125 0.28125
vt 0.78125 0.34375
vt 0.96875 0.28125
vt 0.90625 0.28125
vt 0.90625 0.34375
vt 0.34375 0.40625
vt 0.28125 0.40625
vt 0.28125 0.46875
vt 0.34375 0.28125
vt 0.28125 0.28125
vt 0.28125 0.34375
vt 0.46875 0.28125
vt 0.40625 0.28125
vt 0.40625 0.34375
vt 0.34375 0.90625
vt 0.28125 0.90625
vt 0.28125 0.96875
vt 0.34375 0.78125
vt 0.28125 0.78125
vt 0.28125 0.84375
vt 0.46875 0.78125
vt 0.40625 0.78125
vt 0.40625 0.84375
vt 0.84375 0.90625
vt 0.78125 0.90625
vt 0.78125 0.96875
vt 0.84375 0.78125
vt 0.78125 0.78125
vt 0.78125 0.84375
vt 0.96875 0.78125
vt 0.90625 0.78125
vt 0.90625 0.84375
vt 0.96875 0.84375
vt 0.84375 0.84375
vt 0.84375 0.96875
vt 0.46875 0.84375
vt 0.34375 0.84375
vt 0.34375 0.96875
vt 0.46875 0.34375
vt 0.34375 0.34375
vt 0.34375 0.46875
vt 0.96875 0.34375
vt 0.84375 0.34375
vt 0.84375 0.46875
vt 0.71875 0.34375
vt 0.59375 0.34375
vt 0.59375 0.46875
vt 0.71875 0.09375
vt 0.59375 0.09375
vt 0.59375 0.21875
vt 0.96875 0.09375
vt 0.84375 0.09375
vt 0.84375 0.21875
vt 0.21875 0.34375
vt 0.09375 0.34375
vt 0.09375 0.46875
vt 0.21875 0.09375
vt 0.09375 0.09375
vt 0.09375 0.21875
vt 0.46875 0.09375
vt 0.34375 0.09375
vt 0.34375 0.21875
vt 0.21875 0.84375
vt 0.09375 0.84375
vt 0.09375 0.96875
vt 0.21875 0.59375
vt 0.09375 0.59375
vt 0.09375 0.71875
vt 0.46875 0.59375
vt 0.34375 0.59375
vt 0.34375 0.71875
vt 0.71875 0.84375
vt 0.59375 0.84375
vt 0.59375 0.96875
vt 0.71875 0.59375
vt 0.59375 0.59375
vt 0.59375 0.71875
vt 0.96875 0.59375
vt 0.84375 0.59375
vt 0.84375 0.71875
vt 0.96875 0.71875
vt 0.71875 0.71875
vt 0.71875 0.96875
vt 0.46875 0.71875
vt 0.21875 0.71875
vt 0.21875 0.96875
vt 0.46875 0.21875
vt 0.21875 0.21875
vt 0.21875 0.46875
vt 0.96875 0.21875
vt 0.71875 0.21875
vt 0.71875 0.46875
vt 0.96875 0.46875
vt 0.46875 0.46875
vt 0.46875 0.96875
vt 0.96875 0.96875

# Vertex Surface Normals:
vn 0.4569 0.87739 0.1464
vn -0.7445 0.3908 -0.5413
vn -0.1304 -0.9892 -0.0670
vn 0.6652 0.5508 -0.5041
vn 0.66221 0.3327 -0.67141
vn -0.56018 -0.13519 -0.81727
vn 0.90479 0.1544 0.39689
vn -0.1718 -0.6171 0.7679
vn 0.76621 0.60081 -0.2279
vn -0.0975 -0.6281 -0.7720
vn 0.31559 0.2194 0.92318
vn 0.18371 -0.79333 0.58042
vn 0.0198 -0.42701 -0.90403
vn -0.63061 -0.76001 0.1572
vn -0.67269 0.48719 -0.55689
vn 0.51837 -0.71516 0.46887
vn -0.51232 -0.52722 -0.67792
vn 0.94811 -0.3126 -0.0581
vn -0.0350 0.2212 -0.9746
vn -0.0074 -0.2535 0.96731
vn -0.0555 -0.39331 -0.91773
vn 0.87241 0.47581 0.1118
vn 0.42518 0.65278 -0.62698
vn -0.7109 0.2126 -0.6704
vn 0.0497 -0.0667 0.99653
vn -0.7682 0.4464 0.4589
vn -0.4175 0.4736 -0.7755
vn 0.60218 0.47459 0.64198
vn -0.0911 -0.86988 -0.48479
vn -0.84241 -0.1528 0.51671
vn 0.0784 -0.39879 0.91368
vn -0.63743 0.0710 -0.76723
vn -0.2600 0.78899 -0.55669
vn 0.0458 -0.70601 0.70671
vn 0.74197 -0.12609 0.65847
vn 0.79821 0.2441 -0.55071
vn 0.0596 0.5105 -0.85781
vn -0.6605 -0.3903 0.6414
vn -0.5807 0.4974 -0.6445
vn 0.10201 -0.53863 0.83635
vn 0.40399 0.63488 -0.65858
vn 0.1666 -0.83578 -0.52319
vn 0.1043 0.1493 0.98328
vn -0.54452 0.83823 -0.0294
vn 0.1414 0.93678 -0.32009
vn 0.4712 -0.3107 -0.82549
vn -0.73789 -0.0606 0.67219
vn 0.66268 -0.29679 0.68758
vn -0.45398 0.67547 0.58107
vn -0.31511 0.57292 -0.75662
vn 0.58531 0.1269 0.80082
vn -0.9171 -0.0469 -0.3959
vn 0.95817 -0.25939 -0.1209
vn -0.81129 0.47669 -0.33849
vn 0.54221 0.44131 0.71502
vn 0.38281 -0.0271 -0.92343
vn 0.83729 -0.0997 0.53759
vn -0.3932 0.0166 -0.9193
vn -0.99848 -0.0512 -0.0204
vn -0.89078 -0.31379 -0.32869
vn -0.46218 0.80887 -0.36349
vn -0.87445 0.40957 -0.25998
vn 0.45822 0.83603 0.30181
vn 0.98786 -0.0813 0.13239
vn 0.61631 -0.68341 0.3913
vn 0.74098 -0.44369 0.50408
vn -0.47331 0.25781 -0.84232
vn -0.5106 0.7682 -0.3862
vn -0.65799 0.2196 0.72029
vn 0.0395 0.98861 -0.1452
vn -0.65729 -0.67409 -0.3370
vn -0.47602 0.55983 -0.67823
vn -0.54452 -0.0034 0.83874
vn -0.67805 -0.51884 -0.52064
vn 0.59447 -0.22579 0.77176
vn 0.17919 0.29049 -0.93995
vn -0.1440 0.2236 0.96399
vn 0.4797 0.3037 -0.8232
vn -0.76833 -0.41342 0.48862
vn 0.28311 0.82092 -0.49592
vn -0.27849 0.73047 0.62358
vn -0.1780 0.83229 0.52499
vn -0.6579 0.4739 -0.5853
vn 0.50171 0.84122 -0.2016
vn 0.0199 -0.97265 -0.23141
vn -0.75889 0.41229 0.50409
vn -0.72722 0.26231 -0.63431
vn 0.78031 -0.2232 0.58421
vn -0.1586 0.64309 0.74919
vn 0.0268 -0.7254 0.6878
vn 0.89167 0.32169 0.31849
vn 0.73908 -0.0270 -0.67308
vn 0.3211 0.4719 -0.8211
vn -0.76802 -0.45881 0.44681
vn 0.3063 0.4121 0.85811
vn 0.25261 -0.79353 0.55362
vn 0.31439 0.39488 -0.86327
vn 0.23869 -0.73637 -0.63308
vn -0.94532 0.0095 -0.32601
vn 0.77422 0.53742 -0.33431
vn -0.90291 -0.1431 -0.40531
vn 0.72098 -0.30529 -0.62208
vn -0.2793 0.0030 -0.9602
vn 0.4124 -0.1264 0.90219
vn -0.56172 0.65623 0.50382
vn 0.20789 -0.0484 -0.97695
vn 0.87327 0.24769 0.41958
vn -0.64548 0.19979 -0.73718
vn 0.99811 -0.0085 0.0608
vn 0.50509 0.25809 0.82358
vn 0.88851 0.2470 0.3867
vn 0.68199 -0.35899 -0.63719
vn 0.87314 -0.0604 0.48372
vn -0.0708 -0.18929 -0.97936
vn -0.83737 -0.38099 0.39199
vn -0.76837 -0.63857 -0.0429
vn -0.67493 0.48452 -0.55652
vn -0.0804 0.0584 -0.99505
vn 0.92045 -0.29059 0.26139
vn 0.99613 -0.0312 -0.0822
vn 0.90238 -0.40209 0.1550
vn -0.69408 0.71688 -0.0659
vn 0.68211 -0.0327 0.73051
vn -0.0495 -0.99656 0.0665
vn -0.5664 -0.2863 -0.7728
vn -0.82222 -0.42311 0.38071
vn -0.2765 -0.42529 0.86179
vn 0.45279 -0.58989 -0.66859
vn -0.13721 0.66894 -0.73054
vn 0.42968 -0.36239 0.82707
vn 0.2462 0.64401 0.72431
vn 0.60117 0.68707 0.40808
vn -0.39691 -0.0902 -0.91342
vn -0.99057 -0.1310 0.0401
vn -0.3888 -0.4668 -0.79431
vn 0.1071 0.27541 0.95534
vn -0.0728 -0.50571 0.85962
vn -0.46342 -0.88363 0.0666
vn 0.73233 0.37191 -0.57042
vn -0.76291 0.2654 -0.58951
vn 0.51611 0.78892 -0.33351
vn -0.2169 0.6026 -0.7680
vn -0.65499 -0.2646 -0.70779
vn -0.0578 -0.54041 0.83941
vn 0.36221 0.58752 -0.72362
vn 0.23011 0.97223 -0.0427
vn 0.51891 0.21891 0.82632
vn -0.96445 -0.13779 -0.22549
vn 0.3924 -0.91951 -0.0228
vn -0.85243 0.21001 -0.47882
vn -0.88779 0.1869 0.42059
vn -0.21501 0.1358 -0.96712
vn 0.1684 0.91872 -0.35721
vn -0.47601 0.2095 -0.85412
vn -0.76548 0.1438 0.62718
vn -0.86441 -0.2032 -0.4599
vn 0.65757 -0.58947 0.46918
vn -0.79023 0.36571 0.49172
vn -0.49792 0.48022 -0.72213
vn -0.3796 0.90719 0.1814
vn 0.3038 -0.75019 0.5873
vn 0.46881 -0.66162 0.58522
vn -0.89417 0.26809 0.35859
vn 0.83157 0.23259 0.50438
vn 0.3341 -0.75179 0.56849
vn 0.6219 -0.2582 -0.7393
vn -0.88293 0.46291 0.0784
vn 0.0592 -0.0105 -0.99819
vn -0.59821 0.4549 -0.65971
vn -0.41821 0.63632 -0.64822
vn 0.3494 0.87291 0.3405
vn 0.50731 -0.0082 0.86172
vn -0.57699 0.2560 -0.77559
vn -0.81803 0.46762 0.33491
vn -0.1963 0.0516 0.97919
vn -0.70548 0.36949 0.60479
vn 0.0374 0.88893 0.45652
vn -0.92184 -0.23341 -0.30941
vn 0.92324 0.1153 -0.36652
vn -0.93587 0.0214 0.35169
vn 0.29079 0.60738 0.73928
vn -0.2125 -0.79881 -0.56281
vn 0.1729 -0.77251 -0.61101
vn -0.3150 -0.9403 -0.1289
vn -0.48637 -0.52907 -0.69536
vn 0.92078 0.38299 -0.0740
vn 0.71451 -0.2017 0.66991
vn 0.98285 -0.0809 0.16569
vn -0.49489 0.40769 -0.76738
vn 0.52823 0.41792 -0.73914
vn -0.36019 -0.0832 0.92916
vn 0.0026 0.43449 0.90067
vn -0.6001 0.6018 0.5270
vn -0.72451 0.3001 -0.62051
vn 0.23809 -0.13399 -0.96196
vn -0.60829 -0.1522 0.77899
vn -0.2349 0.1064 -0.96618
vn 0.88421 -0.2543 0.3918
vn 0.75539 0.65409 -0.0393
vn 0.66172 -0.38201 0.64512
vn 0.57162 0.80633 -0.15191
vn -0.57541 -0.21121 -0.79012
vn -0.44131 0.70362 -0.55692
vn -0.4437 0.1373 -0.8856
vn 0.5231 0.6213 0.5834
vn 0.31929 0.93518 -0.1533
vn -0.95583 0.1140 0.27091
vn 0.85425 0.42358 -0.30138
vn -0.24011 0.0047 0.97073
vn -0.59989 0.79049 -0.1235
vn 0.85354 -0.23481 -0.46512
vn -0.6070 0.6853 -0.4024
vn -0.2643 -0.36741 -0.89172
vn 0.32402 -0.46113 0.82606
vn 0.24571 0.50182 0.82934
vn -0.1933 0.76622 0.61281
vn -0.93571 0.0372 0.3508
vn 0.3554 0.7270 -0.5875
vn -0.0468 0.79815 -0.60064
vn -0.0468 0.29991 -0.95282
vn 0.2221 0.1436 0.96439
vn 0.0929 0.99485 -0.0405
vn 0.53172 -0.58002 0.61713
vn -0.64311 0.51831 0.56371
vn 0.1621 0.74712 0.64462
vn -0.0647 -0.94162 0.33041
vn -0.2221 0.1449 0.9642
vn -0.76009 0.59239 -0.2671
vn 0.36899 -0.15049 0.91717
vn -0.50931 0.3164 -0.80031
vn 0.1029 0.4432 -0.8905
vn -0.80702 0.1120 0.57981
vn 0.5081 0.5516 -0.6615
vn 0.8161 -0.3339 0.4717
vn 0.68169 -0.51589 -0.51879
vn 0.92448 0.1916 -0.32959
vn -0.71979 0.5950 0.3576
vn -0.6308 -0.0340 0.7752
vn -0.85739 0.5120 -0.0523
vn 0.4564 0.3994 -0.7951
vn 0.32789 0.40189 0.85497
vn -0.71032 -0.57041 -0.41241
vn 0.51158 0.0803 -0.85547
vn -0.60162 0.34731 -0.71932
vn 0.58544 -0.38132 0.71544
vn 0.87911 -0.2301 0.4174
vn -0.21001 0.0181 -0.97753
vn -0.35349 -0.67187 -0.65087
vn -0.97491 0.2146 -0.0591
vn -0.88751 -0.3051 -0.3453
vn 0.72213 0.68293 -0.1102
vn 0.21811 0.75944 -0.61293
vn -0.6183 0.6857 0.3841
vn -0.1630 -0.2281 0.9599
vn 0.8517 -0.3499 0.3901
vn -0.44511 -0.54501 -0.71052
vn 0.24621 -0.63822 -0.72942
vn -0.32301 -0.93612 0.1391
vn 0.2412 0.83599 0.49289
vn 0.33041 0.82653 -0.45572
vn -0.93093 -0.33251 0.15101
vn 0.0902 0.1933 0.97699
vn -0.36391 0.1342 0.92172
vn -0.78596 0.45958 0.41358
vn -0.9765 0.0634 -0.2060
vn 0.87008 0.0147 0.49269
vn 0.1037 0.38879 0.91547
vn -0.91043 -0.23181 -0.34261
vn -0.78479 0.53409 -0.3144
vn 0.70738 -0.36519 -0.60518
vn 0.3818 0.7581 0.5287
vn -0.18359 0.82847 0.52908
vn 0.89466 -0.40818 0.18159
vn 0.32971 -0.73093 0.59752
vn 0.92242 0.36801 -0.1171
vn -0.2172 0.68061 -0.69971
vn 0.77379 0.52469 -0.35489
vn -0.5917 0.6931 0.4117
vn 0.1115 -0.5272 -0.8424
vn -0.85162 0.41051 -0.32591
vn 0.77262 0.58101 -0.25591
vn -0.0728 0.91794 -0.38998
vn 0.43402 -0.82843 -0.35401
vn -0.20639 0.91067 -0.35789
vn -0.71388 0.59448 0.37009
vn 0.54698 -0.52498 -0.65208
vn -0.80979 -0.1516 0.56679
vn 0.0673 -0.30171 0.95102
vn 0.4824 0.8648 -0.1393
vn 0.2261 0.94501 0.2363
vn -0.71131 0.45171 -0.53851
vn 0.61318 0.72747 -0.30789
vn -0.0491 -0.99707 -0.0587
vn 0.31931 0.88013 -0.35131
vn -0.65956 0.0023 -0.75165
vn 0.90448 -0.1787 0.38729
vn -0.0965 -0.36571 0.92571
vn -0.0278 -0.6931 0.7203
vn 0.8962 0.4422 0.0357
vn 0.68987 0.0633 -0.72116
vn 0.44472 0.49982 -0.74324
vn -0.7789 -0.6049 -0.1656
vn 0.29809 0.37619 0.87728
vn 0.2076 -0.5608 0.8015
vn 0.2448 0.0361 -0.9689
vn -0.63889 -0.76579 0.0733
vn -0.61369 0.3001 -0.73029
vn 0.82102 -0.49421 -0.28581
vn -0.59271 -0.77712 -0.21161
vn 0.8236 -0.2651 -0.5014
vn 0.34061 -0.0297 -0.93973
vn 0.15271 -0.16991 0.97356
vn -0.5849 0.3113 -0.74899
vn 0.0838 -0.33368 -0.93895
vn 0.92558 0.33209 0.1817
vn -0.34489 0.2050 -0.91598
vn 0.97445 0.18009 0.13419
vn 0.31909 -0.37289 0.87128
vn 0.95369 0.2886 0.0848
vn 0.34348 -0.53257 -0.77356
vn 0.97182 0.2088 0.1094
vn 0.0460 -0.3818 -0.9231
vn -0.99848 0.0149 0.0530
vn -0.68982 -0.71822 0.0911
vn -0.65961 0.4021 -0.63501
vn -0.36069 -0.31049 -0.87948
vn 0.6803 -0.4841 0.5503
vn 0.98481 -0.1183 -0.1271
vn 0.62689 -0.3968 0.67049
vn -0.84536 0.46908 0.25559
vn 0.55972 0.73433 -0.38402
vn 0.1150 -0.76012 0.63952
vn -0.50708 -0.62777 -0.59057
vn -0.85598 -0.27069 0.44049
vn -0.0447 -0.5651 0.82381
vn -0.23831 -0.24011 -0.94104
vn -0.2243 0.77379 -0.5924
vn -0.1202 -0.4545 0.8826
vn 0.67297 -0.0769 0.73566
vn 0.78464 0.47142 -0.40262
vn -0.39042 0.64172 -0.66013
vn -0.62989 -0.41299 0.65779
vn -0.40789 -0.43329 -0.80367
vn -0.0234 0.0648 0.99762
vn 0.55269 0.69468 0.46039
vn 0.0046 -0.98055 -0.19619
vn 0.81541 0.57041 0.0987
vn -0.76301 0.53421 -0.36391
vn 0.0828 0.94002 -0.33091
vn 0.0510 -0.0227 -0.99844
vn -0.92536 -0.36778 0.0919
vn 0.41369 -0.51599 0.75008
vn -0.47352 0.38941 -0.79003
vn -0.17569 0.97836 -0.1093
vn 0.54309 0.18529 0.81898
vn -0.92025 -0.32012 -0.22511
vn 0.75723 -0.62103 -0.20231
vn -0.86745 0.17151 -0.46703
vn -0.23439 0.36659 0.90037
vn 0.29649 0.0643 -0.95287
vn 0.79667 0.53528 0.28069
vn -0.41558 0.1126 -0.90256
vn -0.95659 0.0936 0.2760
vn -0.91408 -0.25469 -0.31559
vn 0.45379 0.88848 0.0684
vn -0.89161 0.3930 0.2249
vn -0.0821 0.96455 -0.25079
vn 0.6624 0.7431 0.0950
vn 0.38598 -0.73547 0.55687
vn 0.54202 -0.69193 0.47692
vn 0.3344 0.2503 0.90859
vn 0.73999 0.5120 0.4362
vn 0.4626 -0.7457 0.4795
vn 0.94059 -0.2857 -0.1835
vn -0.83675 0.41172 -0.36102
vn 0.33879 -0.1361 -0.93097
vn -0.62738 0.35089 -0.69518
vn -0.26881 0.75593 -0.59692
vn -0.1280 0.99177 -0.0026
vn 0.25021 -0.50092 0.82854
vn -0.61653 0.27421 -0.73804
vn -0.69184 0.71814 -0.0751
vn -0.52133 0.18731 0.83255
vn -0.91379 0.1139 0.3899
vn -0.5722 0.3363 0.74799
vn -0.90433 -0.22741 -0.36121
vn 0.93578 0.27999 -0.2143
vn -0.85896 -0.15289 0.48868
vn 0.8209 0.5384 0.1904
vn -0.0923 -0.81597 -0.57068
vn -0.46949 -0.77939 -0.41489
vn 0.0439 -0.95261 -0.3010
vn -0.59803 -0.65993 -0.45482
vn 0.93217 0.0384 0.35999
vn 0.25179 0.93607 0.24569
vn 0.78969 0.1126 0.60309
vn -0.52001 0.27251 -0.80952
vn 0.47859 -0.1377 -0.86718
vn -0.47833 -0.13171 0.86825
vn -0.2892 0.72351 0.62681
vn -0.71862 0.1929 0.66812
vn 0.40401 0.38081 -0.83172
vn 0.0913 -0.1479 -0.98478
vn -0.64688 -0.21149 0.73268
vn 0.0293 -0.1566 -0.98723
vn 0.95492 -0.2759 0.1096
vn 0.74079 -0.0246 0.67129
vn 0.66363 -0.0924 0.74233
vn 0.81712 -0.1767 0.54871
vn -0.76391 -0.1790 -0.6200
vn -0.1372 0.66039 -0.73829
vn -0.98651 -0.0930 0.1347
vn 0.30739 0.90708 -0.28759
vn 0.49549 0.42689 -0.75648
vn -0.53018 0.1451 0.83538
vn 0.99571 0.0177 0.0908
vn -0.13441 -0.13311 0.98195
vn -0.71771 0.68901 0.1008
vn 0.75523 -0.1306 -0.64232
vn -0.45159 0.30389 -0.83888
vn 0.40082 -0.12461 -0.90764
vn 0.66942 -0.40831 0.62062
vn -0.7758 0.2890 0.5609
vn -0.66189 0.74949 0.0130
vn -0.98831 -0.1178 -0.0968
vn 0.3987 0.6613 -0.6354
vn 0.23231 0.83463 -0.49942
vn -0.27239 0.19429 -0.94237
vn 0.30649 0.88068 0.36119
vn 0.1749 0.93809 -0.2990
vn -0.0235 0.18969 0.98156
vn -0.8454 0.4585 0.2740
vn -0.0448 0.77044 0.63593
vn -0.5186 0.5673 0.6397
vn -0.61061 0.41851 -0.67231
vn 0.60072 0.79113 -0.1151
vn -0.0047 -0.90076 -0.43428
vn -0.79029 0.0064 0.6127
vn -0.70621 0.59031 0.3909
vn 0.30279 -0.74009 -0.60049
vn -0.1497 0.69658 -0.70168
vn 0.11579 -0.73956 0.66306
vn 0.82991 0.1458 0.53851
vn 0.78262 0.1457 -0.60521
vn 0.18429 0.45968 -0.86875
vn -0.65831 -0.3969 0.63961
vn 0.14779 0.69296 0.70566
vn 0.26031 -0.85872 0.44141
vn 0.35828 0.48617 -0.79705
vn 0.38709 -0.57738 -0.71888
vn -0.7172 -0.1992 0.6678
vn -0.0185 0.99723 0.0721
vn 0.2264 0.89719 -0.3792
vn 0.61801 -0.36191 -0.69791
vn -0.9720 0.1787 0.1526
vn 0.5734 -0.2189 0.78949
vn -0.0920 0.1708 0.9810
vn 0.0350 0.20731 -0.97765
vn 0.75667 0.17049 0.63118
vn -0.8227 0.0961 -0.5603
vn 0.98405 -0.17431 -0.0355
vn -0.28319 0.90928 0.30499
vn 0.76388 0.36739 0.53058
vn 0.52647 -0.21389 -0.82285
vn 0.81038 -0.1710 0.56039
vn -0.28771 -0.0310 -0.95722
vn -0.9566 -0.2914 -0.0024
vn -0.83561 -0.5000 -0.2275
vn -0.65549 0.58969 -0.47179
vn -0.37061 0.32751 -0.86913
vn 0.83329 0.30919 0.45829
vn 0.9920 -0.1228 0.0292
vn 0.84866 -0.51287 0.12939
vn 0.0960 -0.0006 -0.99538
vn 0.43538 -0.0294 0.89977
vn 0.0711 -0.98449 0.1604
vn -0.23359 -0.38219 -0.89407
vn -0.62572 -0.77002 0.1247
vn -0.69102 -0.0751 0.71892
vn 0.65842 -0.70042 0.27551
vn -0.3013 0.2924 -0.90759
vn 0.8063 -0.3080 0.5050
vn -0.56003 0.73493 -0.38242
vn 0.0414 0.0012 0.99914
vn 0.0743 -0.54448 -0.83547
vn -0.19199 0.27539 -0.94197
vn -0.44851 -0.29321 -0.84432
vn 0.35672 0.29431 0.88664
vn -0.2315 -0.7592 0.6083
vn -0.41581 -0.90882 0.0338
vn 0.6433 0.7383 -0.2027
vn -0.74136 0.34208 -0.57737
vn 0.61388 0.64368 -0.45698
vn 0.25659 0.85058 -0.45899
vn -0.4858 -0.1317 -0.86409
vn 0.47241 0.1628 0.86621
vn 0.88872 0.44031 -0.1277
vn 0.7057 0.7082 -0.0213
vn 0.34871 0.20101 0.91542
vn -0.1200 0.96912 -0.21541
vn 0.4168 -0.8612 0.2909
vn -0.56792 0.45252 -0.68753
vn -0.91631 0.3341 -0.2208
vn -0.3690 0.4024 -0.8378
vn -0.1160 0.37431 -0.92002
vn -0.5794 0.2210 -0.78451
vn -0.3398 -0.0432 0.9395
vn -0.78618 -0.0025 -0.61799
vn 0.77928 -0.60189 0.1745
vn -0.56449 0.26459 0.78188
vn -0.26671 -0.21351 -0.93983
vn -0.63062 0.27241 0.72672
vn 0.3157 -0.76709 0.55849
vn 0.52439 -0.60299 0.60119
vn -0.87734 0.0666 0.47522
vn 0.8572 -0.0440 0.5131
vn 0.1842 -0.6149 0.76679
vn 0.0427 0.0122 -0.99901
vn -0.73302 0.66481 -0.1439
vn -0.21901 0.14661 -0.96465
vn -0.24601 0.90563 -0.34541
vn -0.5960 0.6027 -0.5306
vn 0.87733 0.39452 0.27321
vn 0.26541 0.73874 0.61953
vn -0.67993 0.34561 -0.64672
vn -0.73929 0.2236 0.63519
vn 0.31611 -0.1541 0.93612
vn -0.64656 0.35968 0.67275
vn 0.73939 0.1828 -0.64799
vn -0.93099 0.3450 -0.1193
vn 0.87597 0.16469 -0.45338
vn -0.82359 0.55759 0.1039
vn -0.81335 0.35308 0.46237
vn -0.49841 -0.76412 -0.40951
vn -0.21271 -0.71122 -0.67002
vn -0.59931 -0.74901 -0.2825
vn -0.4186 -0.2565 -0.8712
vn 0.40379 0.56569 -0.71899
vn 0.31891 -0.23011 0.91943
vn 0.58461 0.65801 -0.47461
vn -0.84266 0.49928 0.20159
vn -0.21271 0.88604 0.41192
vn -0.0318 0.1302 0.99098
vn -0.45848 0.0887 0.88427
vn 0.16489 0.60617 0.77806
vn -0.92774 -0.31531 0.19971
vn 0.2558 -0.0699 -0.9642
vn -0.76519 -0.47489 0.43469
vn -0.77143 0.27291 -0.57482
vn 0.75147 -0.22619 0.61978
vn -0.0907 0.72152 -0.68642
vn 0.61557 -0.38868 0.68557
vn -0.27809 0.95265 -0.12299
vn -0.0765 -0.1351 -0.98788
vn -0.57007 0.67467 -0.46888
vn 0.15711 0.21651 -0.96356
vn 0.53732 0.26691 0.80003
vn 0.1261 0.73139 0.67019
vn -0.98147 0.0169 -0.19089
vn 0.28988 0.81356 0.50407
vn -0.59619 0.69079 0.4091
vn -0.20081 0.83894 -0.50582
vn 0.92363 -0.24841 -0.29191
vn 0.1689 0.67692 -0.71642
vn -0.65499 -0.1264 -0.74499
vn -0.2127 -0.4741 0.8544
vn 0.78162 0.0128 0.62362
vn -0.0671 0.0661 0.99555
vn -0.0077 -0.0565 0.99837
vn 0.29919 0.79567 -0.52668
vn -0.3544 0.78299 -0.5112
vn 0.1063 0.3799 -0.9189
vn 0.0339 -0.60061 0.79882
vn -0.1195 0.90701 0.4038
vn 0.65203 -0.68414 0.32682
vn -0.49131 0.61992 0.61182
vn 0.41347 0.65665 0.63075
vn -0.0289 -0.3078 0.95101
vn 0.1469 -0.91111 0.3851
vn 0.1711 -0.86739 0.46729
vn -0.0387 -0.98828 0.1477
vn -0.6176 0.4391 0.6525
vn 0.54358 -0.25819 0.79866
vn -0.55089 0.37299 0.74659
vn 0.21829 -0.19659 0.95588
vn -0.76359 0.2132 -0.60949
vn -0.73898 0.61228 0.28109
vn -0.51229 -0.1025 -0.85268
vn -0.1824 0.98171 0.0546
vn -0.0899 0.30849 0.94697
vn 0.56198 -0.58478 0.58498
vn 0.54211 0.83302 0.1104
vn 0.0465 -0.37851 0.92443
vn -0.40218 0.29079 -0.86816
vn -0.54488 0.39099 -0.74178
vn -0.48641 0.24521 -0.83862
vn -0.43989 0.48769 -0.75409
vn 0.3028 0.3814 -0.87341
vn 0.0482 0.3994 -0.91551
vn 0.0198 0.24301 -0.96982
vn 0.2082 0.49341 -0.84451
vn -0.91912 0.0944 0.38251
vn -0.3800 0.82601 0.4163
vn -0.7065 0.6164 0.3477
vn -0.1315 0.1362 0.98191
vn -0.2879 0.86929 -0.4018
vn 0.96526 0.21359 0.15049
vn -0.4294 0.4133 -0.8030
vn 0.88098 0.35089 0.31739
vn 0.80161 -0.3090 0.5118
vn 0.55852 0.0712 0.82643
vn 0.7962 -0.2532 0.5495
vn 0.71617 -0.35639 0.60007
vn 0.40741 -0.44241 -0.79893
vn 0.6516 -0.7458 -0.1386
vn 0.8107 -0.3088 -0.4974
vn 0.52179 -0.61559 -0.59059
vn 0.49369 0.55899 -0.66619
vn 0.98799 0.0664 -0.1395
vn 0.81666 0.45108 -0.35998
vn 0.91602 -0.0601 -0.39661
vn -0.49089 0.62749 0.60439
vn -0.85311 0.51241 0.0982
vn -0.32409 0.19039 -0.92667
vn -0.2619 0.65411 0.70961
vn 0.0325 0.0342 0.99889
vn -0.97527 -0.22009 -0.0204
vn -0.8546 0.0453 0.5173
vn -0.31391 0.21571 0.92463
vn -0.0847 0.96378 0.25289
vn -0.84012 0.1714 -0.51461
vn -0.61208 0.78428 0.1013
vn -0.97458 0.21429 0.0654
vn 0.50192 0.29421 -0.81333
vn 0.6699 0.3142 -0.6727
vn 0.7715 0.3770 -0.5125
vn 0.33911 0.46632 -0.81704
vn 0.4825 0.4554 0.7482
vn 0.2241 0.3887 0.8937
vn 0.1607 0.87799 0.4509
vn 0.43851 0.30271 0.84622
vn -0.93163 -0.31941 -0.17331
vn -0.46202 -0.51032 -0.72533
vn -0.71218 -0.46939 -0.52199
vn -0.74157 -0.26649 -0.61568
vn -0.0676 0.1140 -0.99118
vn 0.30421 0.1396 -0.94232
vn 0.36909 -0.0458 -0.92827
vn 0.0628 0.13349 -0.98906
vn -0.22191 0.76234 -0.60794
vn -0.67529 0.38889 -0.62669
vn -0.1639 0.70362 -0.69142
vn -0.7343 0.2508 -0.6308
vn 0.61578 -0.40779 0.67418
vn 0.65412 -0.1527 0.74082
vn 0.55738 -0.0832 0.82608
vn 0.78828 -0.1836 0.58729
vn 0.97002 -0.0881 0.2265
vn 0.75633 -0.33481 0.56202
vn 0.91172 0.0131 0.41061
vn 0.8541 -0.2550 0.4533
vn -0.24991 -0.0086 -0.96823
vn -0.1794 0.1574 -0.9711
vn 0.1132 -0.1177 -0.98658
vn -0.73511 0.1448 -0.66231
vn -0.88996 -0.37328 0.26199
vn 0.46251 -0.36361 -0.80862
vn -0.82596 -0.54037 0.16059
vn 0.29711 -0.25441 -0.92033
vn 0.0743 0.2824 -0.95641
vn -0.60662 -0.1304 0.78422
vn -0.99312 -0.0047 0.1170
vn -0.93512 0.22331 -0.27511
vn -0.97677 -0.0936 -0.19279
vn -0.93529 -0.0978 -0.3401
vn -0.78673 -0.31661 0.52992
vn -0.89096 -0.0512 -0.45118
vn 0.59881 0.64141 0.47961
vn 0.70321 0.47301 -0.53081
vn 0.3033 0.9529 0.0009
vn 0.38729 0.47848 0.78807
vn 0.6563 -0.1143 -0.7458
vn -0.32751 0.84853 0.41561
vn -0.43952 0.84493 -0.30481
vn 0.54682 0.47592 -0.68883
vn -0.3796 0.92281 -0.0658
vn -0.79844 0.43312 -0.41822
vn 0.32531 0.17091 0.93003
vn -0.76948 0.19959 -0.60668
vn 0.80842 0.0930 0.58121
vn -0.2659 -0.3859 0.88339
vn -0.45541 -0.0456 0.88911
vn 0.33979 -0.39449 0.85377
vn 0.89077 -0.21519 0.40028
vn 0.81748 -0.34569 0.46069
vn 0.93624 -0.0945 0.33841
vn 0.89686 -0.19211 0.39842
vn -0.51701 -0.57651 -0.63272
vn -0.52959 -0.36359 -0.76638
vn -0.1113 -0.7065 -0.6989
vn -0.5349 -0.1414 -0.8330
vn -0.0915 -0.81317 -0.57478
vn -0.4380 -0.79651 -0.4168
vn 0.1592 -0.72148 -0.67388
vn 0.26111 -0.70933 -0.65473
vn -0.2291 -0.9688 -0.0946
vn -0.15479 -0.98465 0.0806
vn -0.4134 -0.8959 0.1627
vn -0.29149 -0.93556 -0.19939
vn 0.2928 0.7263 0.6219
vn 0.28989 0.78396 0.54897
vn 0.95238 0.2086 -0.2224
vn -0.8321 0.2617 0.4890
vn -0.68479 0.69929 0.2051
vn 0.7552 0.1040 -0.6472
vn -0.54699 0.81548 0.1892
vn 0.84306 0.26309 -0.46908
vn -0.82621 -0.5630 -0.0202
vn -0.93648 -0.2100 0.28089
vn -0.85518 -0.40159 0.32769
vn -0.9536 -0.2992 -0.0335
vn -0.0148 0.64464 0.76434
vn 0.18139 -0.28709 0.94057
vn -0.0803 -0.0189 0.99659
vn 0.4615 0.86099 0.2138
vn -0.56691 0.2535 0.78381
vn -0.0033 -0.0334 0.99944
vn -0.50978 0.1187 0.85207
vn -0.29439 0.0969 0.95076
vn -0.8155 0.5601 -0.1458
vn -0.71292 0.38191 0.58812
vn -0.95234 0.0501 0.30091
vn -0.82734 0.40072 0.39362
vn -0.88763 0.0465 -0.45821
vn -0.91567 0.38539 -0.1141
vn -0.81402 0.55391 -0.1748
vn -0.97866 0.17859 0.1016
vn 0.5928 0.0448 0.8041
vn 0.99374 0.0211 0.1097
vn 0.7353 -0.1986 0.6480
vn 0.85873 0.22311 0.46131
vn -0.0557 0.68077 0.73037
vn 0.3687 0.0213 0.9293
vn 0.1386 -0.5241 0.8403
vn -0.27589 0.95716 -0.0879
vn -0.91229 0.0539 -0.40599
vn -0.77429 -0.2942 -0.56029
vn -0.92751 0.3639 0.0854
vn -0.53591 -0.45181 -0.71321
vn -0.53032 0.32501 -0.78303
vn -0.4540 0.73469 -0.5041
vn -0.62261 0.60061 -0.50161
vn -0.90177 0.39729 -0.1702
vn 0.92172 -0.25811 -0.28951
vn 0.45922 -0.27391 -0.84504
vn 0.72022 -0.40491 -0.56332
vn 0.70577 -0.26159 -0.65837
vn 0.35149 0.1464 0.92467
vn 0.89346 0.34248 0.29059
vn -0.2845 0.91851 0.2746
vn 0.3278 0.3247 0.8872
vn 0.51631 0.68701 0.51131
vn -0.63072 0.59142 0.50241
vn -0.2403 0.96531 -0.1021
vn -0.45149 0.38449 0.80518
vn 0.86287 -0.50208 -0.0581
vn 0.8896 -0.1029 0.4450
vn 0.90752 -0.39031 0.1551
vn 0.78412 -0.51291 0.34941
vn 0.3078 -0.63291 0.71041
vn 0.3797 -0.8234 0.4217
vn 0.30671 -0.68231 0.66361
vn 0.27559 -0.78748 0.55129
vn 0.88858 0.45359 0.0685
vn 0.0904 0.71453 -0.69373
vn 0.3866 -0.0088 -0.9222
vn 0.8536 0.0057 0.5209
vn -0.16001 0.69363 -0.70233
vn -0.36469 0.49859 -0.78639
vn -0.31221 0.67191 -0.67161
vn -0.0999 0.51939 -0.84868
vn 0.95665 -0.26831 -0.11331
vn 0.37229 0.91797 -0.1369
vn -0.41068 0.87157 0.26779
vn 0.73622 -0.36711 -0.56852
vn -0.99355 -0.0540 0.09971
vn 0.1619 0.90237 0.39939
vn -0.79394 0.17741 -0.58153
vn -0.5733 0.0435 0.81819
vn 0.0406 -0.4935 -0.8688
vn -0.40711 -0.46182 -0.78803
vn 0.0043 -0.67912 -0.73402
vn -0.0244 -0.51302 -0.85803
vn -0.37801 0.50381 -0.77672
vn -0.75842 0.25521 -0.59972
vn 0.1089 0.73522 -0.66902
vn -0.94212 0.0480 -0.33181
vn 0.1021 0.2778 -0.9552
vn 0.43291 0.66652 0.60691
vn 0.5335 0.5307 -0.65859
vn 0.8451 0.4680 0.2584
vn 0.48251 0.86852 0.1134
vn -0.44531 0.37381 -0.81361
vn -0.3145 0.59441 -0.74011
vn 0.0559 0.92423 0.37771
vn 0.2707 -0.90231 -0.3355
vn 0.87239 -0.4561 -0.1758
vn 0.7286 -0.6834 0.0459
vn 0.85105 -0.0861 -0.51797
vn -0.82591 0.35251 -0.44001
vn 0.38719 0.91648 0.1007
vn -0.83074 -0.17171 -0.52952
vn 0.73773 0.62192 0.26261
vn -0.3307 0.6821 -0.6522
vn -0.5620 0.1888 0.8053
vn -0.21711 0.48933 0.84464
vn -0.2070 0.47609 -0.85469
vn -0.27799 -0.0605 -0.95868
vn 0.0832 -0.60838 -0.78927
vn -0.38751 0.1096 -0.91533
vn 0.91231 -0.3479 0.2160
vn -0.46831 -0.49541 0.73161
vn -0.90621 0.0404 0.4209
vn -0.4462 -0.4451 0.7764
vn -0.1224 0.1267 0.98436
vn 0.0232 -0.4974 0.86721
vn 0.1088 -0.0094 0.99402
vn 0.42042 0.76503 0.48782
vn -0.0776 -0.77726 0.62437
vn 0.5255 0.83331 -0.1716
vn 0.33032 0.94366 0.0200
vn 0.23019 0.96717 -0.1077
vn 0.52259 0.83018 -0.19419
vn 0.51621 0.85051 -0.1008
vn 0.1066 0.97018 0.2177
vn 0.1532 0.94962 -0.27341
vn 0.0218 -0.71613 0.69763
vn 0.28729 0.85948 0.42279
vn 0.49601 0.71732 0.48931
vn -0.0548 0.1253 0.9906
vn -0.88747 -0.29219 0.35639
vn 0.1730 -0.5874 0.79059
vn 0.1675 -0.86362 -0.47551
vn -0.0526 0.1494 -0.98738
vn -0.76767 0.1038 -0.63238
vn -0.6077 0.75801 -0.2369
vn -0.2298 -0.0757 0.97029
vn 0.2922 0.92779 -0.2320
vn 0.7256 0.4091 0.5533
vn -0.50501 0.34371 -0.79172
vn -0.83906 -0.39718 -0.37178
vn 0.51149 0.81379 -0.2759
vn 0.75029 -0.54929 0.36789
vn 0.68911 -0.70351 -0.1738
vn -0.5897 0.7701 -0.2433
vn -0.57628 -0.23319 -0.78328
vn 0.5285 0.6576 -0.5369
vn 0.68189 0.41679 0.60109
vn 0.0906 0.89561 0.43551
vn 0.32269 -0.0157 -0.94637
vn -0.92216 0.30249 0.24109
vn -0.36702 0.31561 -0.87504
vn 0.68838 0.69238 -0.21619
vn -0.34131 -0.32701 -0.88123
vn -0.5039 -0.6549 -0.5632
vn -0.0970 -0.60929 -0.78699
vn -0.91741 0.2360 0.3204
vn -0.39691 0.84512 -0.35811
vn -0.95364 -0.17701 -0.24341
vn 0.70851 -0.1548 -0.68851
vn -0.52939 0.62719 0.57129
vn 0.0220 0.99343 -0.1123
vn -0.1921 0.46371 -0.86491
vn -0.58138 0.42718 -0.69247
vn -0.1785 0.75698 -0.62858
vn 0.60888 0.79258 0.0328
vn -0.1496 0.2535 -0.9557
vn 0.94903 0.0673 -0.30791
vn 0.2710 -0.8552 0.4418
vn 0.36181 -0.78272 0.50641
vn 0.34049 -0.68368 0.64548
vn 0.8146 -0.2897 0.5025
vn 0.88981 0.0868 0.4480
vn 0.8047 -0.5856 0.0976
vn -0.61297 -0.19619 0.76536
vn -0.52661 0.66161 -0.53381
vn 0.31722 0.89915 0.30152
vn 0.6705 0.2061 0.7127
vn -0.18749 0.97607 -0.1102
vn 0.21341 0.19091 0.95813
vn 0.2879 -0.1092 -0.95141
vn 0.57343 -0.33942 -0.74564
vn 0.84271 -0.2999 -0.4471
vn -0.66691 0.6422 -0.3779
vn -0.24021 0.77424 -0.58553
vn -0.27481 0.25801 -0.92623
vn -0.22779 -0.68108 -0.69588
vn -0.87408 0.44119 -0.2033
vn -0.90997 0.38159 -0.1623
vn -0.0341 0.92407 0.38069
vn 0.2211 -0.5585 0.7995
vn 0.0211 -0.42858 0.90326
vn 0.9928 -0.0408 0.1126
vn 0.94595 -0.09841 0.30902
vn 0.33648 -0.28959 0.89606
vn -0.92246 0.25839 0.28689
vn -0.1412 0.98952 0.0301
vn -0.76817 0.30509 -0.56288
vn -0.73601 0.3063 0.60371
vn -0.95543 -0.0334 0.29331
vn -0.91865 0.35172 -0.17991
vn 0.1358 -0.1202 0.98342
vn -0.17451 -0.0251 0.98434
vn -0.7663 0.1598 0.6223
vn 0.52729 0.56659 0.63319
vn 0.31759 -0.30429 0.89808
vn -0.42608 0.16689 0.88916
vn -0.99025 -0.0860 0.10961
vn -0.86863 -0.26151 0.42082
vn -0.72429 -0.68209 0.1008
vn 0.85073 0.0785 -0.51972
vn 0.42429 0.70669 -0.56619
vn -0.82605 0.16799 0.53797
vn -0.51851 0.0577 0.85312
vn 0.87983 0.31501 -0.35591
vn 0.9893 0.1445 -0.0202
vn -0.38931 -0.89442 -0.22011
vn -0.0254 -0.99967 0.0030
vn -0.3562 -0.93129 0.0763
vn -0.2654 -0.7630 -0.5894
vn -0.6065 -0.7854 -0.1237
vn 0.28179 -0.70188 -0.65418
vn -0.6507 -0.0595 -0.7570
vn -0.3585 -0.5431 -0.75929
vn -0.51178 -0.72987 -0.45318
vn 0.99551 0.0936 0.0138
vn 0.8393 -0.0384 0.5423
vn 0.95086 -0.0876 0.29699
vn 0.0622 -0.53252 0.84413
vn -0.82151 0.1019 0.56101
vn 0.27661 0.1649 0.94673
vn -0.57163 0.0637 -0.81804
vn -0.49521 0.60281 0.62561
vn 0.0638 0.97776 0.19979
vn -0.20729 0.87386 0.43978
vn -0.65168 0.65818 0.37699
vn 0.25701 0.27271 -0.92713
vn 0.72979 0.55589 0.39799
vn 0.50172 0.85484 -0.13241
vn 0.0644 0.90029 0.4305
vn -0.7046 0.2091 -0.6781
vn -0.75328 -0.2479 0.60919
vn -0.86738 -0.2628 0.42259
vn -0.69742 -0.1589 0.69882
vn -0.62889 -0.2738 0.72769
vn -0.1759 0.25249 -0.95148
vn 0.48209 -0.1335 -0.86589
vn -0.34958 -0.71927 -0.60037
vn -0.7363 -0.2605 0.6245
vn -0.69653 0.21351 -0.68503
vn 0.24039 0.0150 -0.97056
vn 0.15609 -0.0441 -0.98676
vn 0.73877 -0.31069 0.59808
vn 0.77829 -0.0815 0.62259
vn 0.96633 0.1280 0.22321
vn 0.84332 0.53711 -0.0178
vn 0.45579 -0.0843 0.88609
vn 0.62433 -0.0663 0.77834
vn -0.72091 0.36111 -0.59151
vn -0.55779 0.46869 -0.68498
vn 0.72876 0.67667 0.10499
vn 0.55781 0.1537 -0.81561
vn -0.47622 0.0562 -0.87753
vn 0.2832 0.0429 -0.9581
vn -0.5102 -0.4238 -0.7484
vn -0.4776 -0.3274 -0.8153
vn -0.91942 -0.37031 0.1324
vn 0.26711 0.34981 0.89793
vn 0.0823 0.75018 0.65609
vn 0.3117 0.9489 0.0494
vn 0.53959 0.72109 -0.43459
vn 0.9377 0.2422 -0.2491
vn 0.63502 0.37491 -0.67542
vn -0.9363 0.1089 -0.3339
vn -0.6990 0.4253 -0.5749
vn 0.5993 0.5415 0.5896
vn -0.79491 0.60101 0.0831
vn -0.98127 -0.1700 -0.0906
vn -0.23691 0.0571 0.96985
vn -0.47851 0.86301 0.1620
vn -0.42999 0.1248 -0.89417
vn -0.60779 0.2957 -0.73699
vn 0.96483 -0.15221 -0.21431
vn 0.96601 0.2435 -0.0868
vn 0.19699 0.65167 -0.73247
vn 0.61818 -0.77078 0.1541
vn 0.83271 -0.4496 -0.3232
vn 0.72768 -0.23369 -0.64488
vn 0.41169 -0.26619 0.87158
vn 0.3048 0.57321 0.76061
vn 0.61732 -0.41841 0.66622
vn 0.86269 -0.1389 0.48629
vn 0.45079 0.69889 -0.55529
vn -0.78978 0.25299 -0.55879
vn -0.65637 0.75197 0.0610
vn 0.3993 0.64191 0.65461
vn -0.96362 0.2178 -0.1549
vn 0.1687 0.40969 -0.89649
vn -0.1164 0.27271 -0.95503
vn 0.2155 0.1098 -0.97031
vn -0.52279 0.51159 -0.68189
vn -0.54197 0.30509 -0.78306
vn -0.4658 0.2004 -0.8619
vn 0.56969 -0.57329 0.58889
vn 0.67637 0.63608 0.37139
vn 0.51708 0.77858 0.35559
vn -0.3836 0.7677 0.5133
vn -0.81039 0.43399 -0.3936
vn -0.5389 -0.6532 -0.5319
vn 0.78822 -0.50802 0.34731
vn -0.0212 0.0082 0.99974
vn -0.71508 0.44319 0.54059
vn 0.1520 -0.9648 0.2146
vn 0.33972 -0.82174 0.45752
vn -0.0269 -0.1129 0.99324
vn 0.1149 -0.4932 0.8623
vn -0.38601 0.40831 0.82721
vn 0.0786 0.93976 -0.33268
vn -0.35631 -0.23191 0.90513
vn -0.22691 0.45871 -0.85912
vn 0.35329 0.47949 -0.80329
vn 0.1759 -0.0659 0.9822
vn -0.36551 0.23511 0.90063
vn 0.81013 -0.31391 0.49512
vn -0.1022 -0.37951 -0.91953
vn 0.75645 0.17189 -0.63106
vn 0.0187 0.52439 0.85128
vn -0.1334 0.44021 0.88793
vn -0.59753 0.52873 0.60283
vn 0.48109 0.2288 -0.84629
vn 0.48452 0.23171 0.84353
vn -0.6454 0.0611 -0.7614
vn -0.52338 0.0752 -0.84877
vn -0.69093 0.56442 -0.45172
vn 0.60699 -0.42569 0.67109
vn 0.95814 -0.19931 0.20551
vn -0.74499 0.1411 -0.65199
vn -0.55977 -0.55937 -0.61137
vn 0.23631 0.32441 -0.91592
vn -0.88526 0.26649 0.38118
vn -0.18559 0.17149 0.96755
vn 0.5922 -0.2507 -0.7658
vn -0.99037 0.1296 -0.0487
vn 0.6835 0.2296 0.6929
vn 0.84741 -0.2140 0.4859
vn -0.44939 -0.2221 -0.86529
vn -0.39112 -0.76703 -0.50862
vn -0.0872 -0.93148 -0.35319
vn -0.89181 0.3344 0.3047
vn 0.33369 0.91858 -0.2118
vn -0.89248 -0.42019 -0.1641
vn 0.51682 0.70393 -0.48722
vn -0.49031 0.27831 0.82592
vn -0.80692 0.58561 -0.0771
vn -0.95457 0.20499 -0.21629
vn 0.53371 0.48961 0.68952
vn -0.2569 0.79879 -0.5440
vn -0.63068 0.29719 -0.71688
vn -0.71678 0.32699 -0.61588
vn 0.95725 -0.20851 -0.20051
vn 0.1331 -0.0659 0.98891
vn 0.50559 0.43619 0.74439
vn 0.79893 -0.57842 0.16471
vn 0.30849 -0.57969 0.75418
vn 0.1709 -0.0316 0.98478
vn -0.2821 0.39369 -0.87489
vn 0.78701 -0.52861 -0.3181
vn -0.93463 0.0703 0.34861
vn -0.0561 -0.51028 -0.85817
vn -0.34591 -0.1203 -0.93052
vn 0.56029 0.62129 -0.54779
vn 0.34468 0.36498 0.86486
vn 0.54459 -0.75728 -0.36049
vn 0.49368 0.86276 -0.1092
vn 0.0623 -0.0799 -0.99485
vn 0.95509 -0.2337 -0.1822
vn 0.0409 -0.0290 0.99874
vn -0.0762 -0.8141 0.5757
vn 0.58943 0.77044 -0.24291

# Faces:
usemtl Material%2E001
f 1089/1089/1089 292/292/292 4/4/4
f 1089/1089/1089 4/4/4 493/493/493
f 1088/1088/1088 298/298/298 8/8/8
f 1088/1088/1088 8/8/8 489/489/489
f 1087/1087/1087 299/299/299 9/9/9
f 1087/1087/1087 9/9/9 496/496/496
f 1086/1086/1086 296/296/296 497/497/497
f 296/296/296 7/7/7 497/497/497
f 1085/1085/1085 314/314/314 21/21/21
f 1085/1085/1085 21/21/21 485/485/485
f 1084/1084/1084 315/315/315 22/22/22
f 1084/1084/1084 22/22/22 500/500/500
f 1083/1083/1083 308/308/308 16/16/16
f 1083/1083/1083 16/16/16 501/501/501
f 1082/1082/1082 318/318/318 20/20/20
f 1082/1082/1082 20/20/20 484/484/484
f 1081/1081/1081 319/319/319 504/504/504
f 319/319/319 23/23/23 504/504/504
f 1080/1080/1080 311/311/311 19/19/19
f 1080/1080/1080 19/19/19 505/505/505
f 1079/1079/1079 322/322/322 13/13/13
f 1079/1079/1079 13/13/13 477/477/477
f 1078/1078/1078 323/323/323 24/24/24
f 1078/1078/1078 24/24/24 508/508/508
f 1077/1077/1077 310/310/310 18/18/18
f 1077/1077/1077 18/18/18 509/509/509
f 1076/1076/1076 326/326/326 17/17/17
f 1076/1076/1076 17/17/17 481/481/481
f 1075/1075/1075 327/327/327 25/25/25
f 1075/1075/1075 25/25/25 512/512/512
f 1074/1074/1074 304/304/304 12/12/12
f 1074/1074/1074 12/12/12 513/513/513
f 1073/1073/1073 370/370/370 65/65/65
f 1073/1073/1073 65/65/65 473/473/473
f 1072/1072/1072 371/371/371 66/66/66
f 1072/1072/1072 66/66/66 516/516/516
f 1071/1071/1071 344/344/344 40/40/40
f 1071/1071/1071 40/40/40 517/517/517
f 1070/1070/1070 374/374/374 64/64/64
f 1070/1070/1070 64/64/64 472/472/472
f 1069/1069/1069 375/375/375 67/67/67
f 1069/1069/1069 67/67/67 520/520/520
f 1068/1068/1068 367/367/367 63/63/63
f 1068/1068/1068 63/63/63 521/521/521
f 1067/1067/1067 378/378/378 33/33/33
f 1067/1067/1067 33/33/33 441/441/441
f 1066/1066/1066 379/379/379 68/68/68
f 1066/1066/1066 68/68/68 524/524/524
f 1065/1065/1065 366/366/366 62/62/62
f 1065/1065/1065 62/62/62 525/525/525
f 1064/1064/1064 382/382/382 61/61/61
f 1064/1064/1064 61/61/61 469/469/469
f 1063/1063/1063 383/383/383 69/69/69
f 1063/1063/1063 69/69/69 528/528/528
f 1062/1062/1062 350/350/350 46/46/46
f 1062/1062/1062 46/46/46 529/529/529
f 1061/1061/1061 386/386/386 60/60/60
f 1061/1061/1061 60/60/60 468/468/468
f 1060/1060/1060 387/387/387 532/532/532
f 387/387/387 70/70/70 532/532/532
f 1059/1059/1059 363/363/363 59/59/59
f 1059/1059/1059 59/59/59 533/533/533
f 1058/1058/1058 390/390/390 29/29/29
f 1058/1058/1058 29/29/29 437/437/437
f 1057/1057/1057 391/391/391 71/71/71
f 1057/1057/1057 71/71/71 536/536/536
f 1056/1056/1056 362/362/362 58/58/58
f 1056/1056/1056 58/58/58 537/537/537
f 1055/1055/1055 394/394/394 57/57/57
f 1055/1055/1055 57/57/57 465/465/465
f 1054/1054/1054 395/395/395 72/72/72
f 1054/1054/1054 72/72/72 540/540/540
f 1053/1053/1053 351/351/351 47/47/47
f 1053/1053/1053 47/47/47 541/541/541
f 1052/1052/1052 398/398/398 56/56/56
f 1052/1052/1052 56/56/56 464/464/464
f 1051/1051/1051 399/399/399 73/73/73
f 1051/1051/1051 73/73/73 544/544/544
f 1050/1050/1050 359/359/359 55/55/55
f 1050/1050/1050 55/55/55 545/545/545
f 1049/1049/1049 402/402/402 36/36/36
f 1049/1049/1049 36/36/36 444/444/444
f 1048/1048/1048 403/403/403 548/548/548
f 403/403/403 74/74/74 548/548/548
f 1047/1047/1047 358/358/358 54/54/54
f 1047/1047/1047 54/54/54 549/549/549
f 1046/1046/1046 406/406/406 53/53/53
f 1046/1046/1046 53/53/53 461/461/461
f 1045/1045/1045 407/407/407 75/75/75
f 1045/1045/1045 75/75/75 552/552/552
f 1044/1044/1044 348/348/348 44/44/44
f 1044/1044/1044 44/44/44 553/553/553
f 1043/1043/1043 410/410/410 52/52/52
f 1043/1043/1043 52/52/52 460/460/460
f 1042/1042/1042 411/411/411 76/76/76
f 1042/1042/1042 76/76/76 556/556/556
f 1041/1041/1041 355/355/355 51/51/51
f 1041/1041/1041 51/51/51 557/557/557
f 1040/1040/1040 414/414/414 37/37/37
f 1040/1040/1040 37/37/37 445/445/445
f 1039/1039/1039 415/415/415 77/77/77
f 1039/1039/1039 77/77/77 560/560/560
f 1038/1038/1038 354/354/354 50/50/50
f 1038/1038/1038 50/50/50 561/561/561
f 1037/1037/1037 418/418/418 49/49/49
f 1037/1037/1037 49/49/49 457/457/457
f 1036/1036/1036 419/419/419 78/78/78
f 1036/1036/1036 78/78/78 564/564/564
f 1035/1035/1035 336/336/336 32/32/32
f 1035/1035/1035 32/32/32 565/565/565
f 1034/1034/1034 422/422/422 48/48/48
f 1034/1034/1034 48/48/48 456/456/456
f 1033/1033/1033 423/423/423 79/79/79
f 1033/1033/1033 79/79/79 568/568/568
f 1032/1032/1032 339/339/339 35/35/35
f 1032/1032/1032 35/35/35 569/569/569
f 1031/1031/1031 426/426/426 41/41/41
f 1031/1031/1031 41/41/41 449/449/449
f 1030/1030/1030 427/427/427 80/80/80
f 1030/1030/1030 80/80/80 572/572/572
f 1029/1029/1029 338/338/338 34/34/34
f 1029/1029/1029 34/34/34 573/573/573
f 1028/1028/1028 430/430/430 45/45/45
f 1028/1028/1028 45/45/45 453/453/453
f 1027/1027/1027 431/431/431 81/81/81
f 1027/1027/1027 81/81/81 576/576/576
f 1026/1026/1026 332/332/332 28/28/28
f 1026/1026/1026 28/28/28 577/577/577
f 1025/1025/1025 578/578/578 225/225/225
f 1025/1025/1025 225/225/225 433/433/433
f 1024/1024/1024 579/579/579 226/226/226
f 1024/1024/1024 226/226/226 580/580/580
f 1023/1023/1023 476/476/476 124/124/124
f 1023/1023/1023 124/124/124 581/581/581
f 1022/1022/1022 582/582/582 224/224/224
f 1022/1022/1022 224/224/224 432/432/432
f 1021/1021/1021 583/583/583 227/227/227
f 1021/1021/1021 227/227/227 584/584/584
f 1020/1020/1020 575/575/575 223/223/223
f 1020/1020/1020 223/223/223 585/585/585
f 1019/1019/1019 586/586/586 101/101/101
f 1019/1019/1019 101/101/101 309/309/309
f 1018/1018/1018 587/587/587 588/588/588
f 587/587/587 228/228/228 588/588/588
f 1017/1017/1017 574/574/574 222/222/222
f 1017/1017/1017 222/222/222 589/589/589
f 1016/1016/1016 590/590/590 221/221/221
f 1016/1016/1016 221/221/221 429/429/429
f 1015/1015/1015 591/591/591 229/229/229
f 1015/1015/1015 229/229/229 592/592/592
f 1014/1014/1014 482/482/482 130/130/130
f 1014/1014/1014 130/130/130 593/593/593
f 1013/1013/1013 594/594/594 220/220/220
f 1013/1013/1013 220/220/220 428/428/428
f 1012/1012/1012 595/595/595 230/230/230
f 1012/1012/1012 230/230/230 596/596/596
f 1011/1011/1011 571/571/571 219/219/219
f 1011/1011/1011 219/219/219 597/597/597
f 1010/1010/1010 598/598/598 97/97/97
f 1010/1010/1010 97/97/97 305/305/305
f 1009/1009/1009 599/599/599 231/231/231
f 1009/1009/1009 231/231/231 600/600/600
f 1008/1008/1008 570/570/570 218/218/218
f 1008/1008/1008 218/218/218 601/601/601
f 1007/1007/1007 602/602/602 217/217/217
f 1007/1007/1007 217/217/217 425/425/425
f 1006/1006/1006 603/603/603 604/604/604
f 603/603/603 232/232/232 604/604/604
f 1005/1005/1005 483/483/483 605/605/605
f 483/483/483 131/131/131 605/605/605
f 1004/1004/1004 606/606/606 216/216/216
f 1004/1004/1004 216/216/216 424/424/424
f 1003/1003/1003 607/607/607 608/608/608
f 607/607/607 233/233/233 608/608/608
f 1002/1002/1002 567/567/567 215/215/215
f 1002/1002/1002 215/215/215 609/609/609
f 1001/1001/1001 610/610/610 104/104/104
f 1001/1001/1001 104/104/104 312/312/312
f 1000/1000/1000 611/611/611 234/234/234
f 1000/1000/1000 234/234/234 612/612/612
f 999/999/999 566/566/566 214/214/214
f 999/999/999 214/214/214 613/613/613
f 998/998/998 614/614/614 213/213/213
f 998/998/998 213/213/213 421/421/421
f 997/997/997 615/615/615 235/235/235
f 997/997/997 235/235/235 616/616/616
f 996/996/996 480/480/480 128/128/128
f 996/996/996 128/128/128 617/617/617
f 995/995/995 618/618/618 212/212/212
f 995/995/995 212/212/212 420/420/420
f 994/994/994 619/619/619 236/236/236
f 994/994/994 236/236/236 620/620/620
f 993/993/993 563/563/563 211/211/211
f 993/993/993 211/211/211 621/621/621
f 992/992/992 622/622/622 105/105/105
f 992/992/992 105/105/105 313/313/313
f 991/991/991 623/623/623 237/237/237
f 991/991/991 237/237/237 624/624/624
f 990/990/990 562/562/562 210/210/210
f 990/990/990 210/210/210 625/625/625
f 989/989/989 626/626/626 209/209/209
f 989/989/989 209/209/209 417/417/417
f 988/988/988 627/627/627 238/238/238
f 988/988/988 238/238/238 628/628/628
f 987/987/987 498/498/498 146/146/146
f 987/987/987 146/146/146 629/629/629
f 986/986/986 630/630/630 208/208/208
f 986/986/986 208/208/208 416/416/416
f 985/985/985 631/631/631 239/239/239
f 985/985/985 239/239/239 632/632/632
f 984/984/984 559/559/559 207/207/207
f 984/984/984 207/207/207 633/633/633
f 983/983/983 634/634/634 93/93/93
f 983/983/983 93/93/93 301/301/301
f 982/982/982 635/635/635 240/240/240
f 982/982/982 240/240/240 636/636/636
f 981/981/981 558/558/558 206/206/206
f 981/981/981 206/206/206 637/637/637
f 980/980/980 638/638/638 205/205/205
f 980/980/980 205/205/205 413/413/413
f 979/979/979 639/639/639 241/241/241
f 979/979/979 241/241/241 640/640/640
f 978/978/978 499/499/499 147/147/147
f 978/978/978 147/147/147 641/641/641
f 977/977/977 642/642/642 204/204/204
f 977/977/977 204/204/204 412/412/412
f 976/976/976 643/643/643 242/242/242
f 976/976/976 242/242/242 644/644/644
f 975/975/975 555/555/555 203/203/203
f 975/975/975 203/203/203 645/645/645
f 974/974/974 646/646/646 108/108/108
f 974/974/974 108/108/108 316/316/316
f 973/973/973 647/647/647 243/243/243
f 973/973/973 243/243/243 648/648/648
f 972/972/972 554/554/554 202/202/202
f 972/972/972 202/202/202 649/649/649
f 971/971/971 650/650/650 409/409/409
f 650/650/650 201/201/201 409/409/409
f 970/970/970 651/651/651 244/244/244
f 970/970/970 244/244/244 652/652/652
f 969/969/969 492/492/492 140/140/140
f 969/969/969 140/140/140 653/653/653
f 968/968/968 654/654/654 200/200/200
f 968/968/968 200/200/200 408/408/408
f 967/967/967 655/655/655 245/245/245
f 967/967/967 245/245/245 656/656/656
f 966/966/966 551/551/551 657/657/657
f 551/551/551 199/199/199 657/657/657
f 965/965/965 658/658/658 109/109/109
f 965/965/965 109/109/109 317/317/317
f 964/964/964 659/659/659 246/246/246
f 964/964/964 246/246/246 660/660/660
f 963/963/963 550/550/550 198/198/198
f 963/963/963 198/198/198 661/661/661
f 962/962/962 662/662/662 197/197/197
f 962/962/962 197/197/197 405/405/405
f 961/961/961 663/663/663 247/247/247
f 961/961/961 247/247/247 664/664/664
f 960/960/960 502/502/502 150/150/150
f 960/960/960 150/150/150 665/665/665
f 959/959/959 666/666/666 196/196/196
f 959/959/959 196/196/196 404/404/404
f 958/958/958 667/667/667 668/668/668
f 667/667/667 248/248/248 668/668/668
f 957/957/957 547/547/547 195/195/195
f 957/957/957 195/195/195 669/669/669
f 956/956/956 670/670/670 92/92/92
f 956/956/956 92/92/92 300/300/300
f 955/955/955 671/671/671 249/249/249
f 955/955/955 249/249/249 672/672/672
f 954/954/954 546/546/546 194/194/194
f 954/954/954 194/194/194 673/673/673
f 953/953/953 674/674/674 193/193/193
f 953/953/953 193/193/193 401/401/401
f 952/952/952 675/675/675 250/250/250
f 952/952/952 250/250/250 676/676/676
f 951/951/951 503/503/503 151/151/151
f 951/951/951 151/151/151 677/677/677
f 950/950/950 678/678/678 192/192/192
f 950/950/950 192/192/192 400/400/400
f 949/949/949 679/679/679 251/251/251
f 949/949/949 251/251/251 680/680/680
f 948/948/948 543/543/543 191/191/191
f 948/948/948 191/191/191 681/681/681
f 947/947/947 682/682/682 112/112/112
f 947/947/947 112/112/112 320/320/320
f 946/946/946 683/683/683 252/252/252
f 946/946/946 252/252/252 684/684/684
f 945/945/945 542/542/542 190/190/190
f 945/945/945 190/190/190 685/685/685
f 944/944/944 686/686/686 189/189/189
f 944/944/944 189/189/189 397/397/397
f 943/943/943 687/687/687 688/688/688
f 687/687/687 253/253/253 688/688/688
f 942/942/942 495/495/495 143/143/143
f 942/942/942 143/143/143 689/689/689
f 941/941/941 690/690/690 396/396/396
f 690/690/690 188/188/188 396/396/396
f 940/940/940 691/691/691 254/254/254
f 940/940/940 254/254/254 692/692/692
f 939/939/939 539/539/539 187/187/187
f 939/939/939 187/187/187 693/693/693
f 938/938/938 694/694/694 113/113/113
f 938/938/938 113/113/113 321/321/321
f 937/937/937 695/695/695 255/255/255
f 937/937/937 255/255/255 696/696/696
f 936/936/936 538/538/538 186/186/186
f 936/936/936 186/186/186 697/697/697
f 935/935/935 698/698/698 185/185/185
f 935/935/935 185/185/185 393/393/393
f 934/934/934 699/699/699 256/256/256
f 934/934/934 256/256/256 700/700/700
f 933/933/933 506/506/506 154/154/154
f 933/933/933 154/154/154 701/701/701
f 932/932/932 702/702/702 184/184/184
f 932/932/932 184/184/184 392/392/392
f 931/931/931 703/703/703 257/257/257
f 931/931/931 257/257/257 704/704/704
f 930/930/930 535/535/535 183/183/183
f 930/930/930 183/183/183 705/705/705
f 929/929/929 706/706/706 85/85/85
f 929/929/929 85/85/85 293/293/293
f 928/928/928 707/707/707 258/258/258
f 928/928/928 258/258/258 708/708/708
f 927/927/927 534/534/534 182/182/182
f 927/927/927 182/182/182 709/709/709
f 926/926/926 710/710/710 181/181/181
f 926/926/926 181/181/181 389/389/389
f 925/925/925 711/711/711 259/259/259
f 925/925/925 259/259/259 712/712/712
f 924/924/924 507/507/507 155/155/155
f 924/924/924 155/155/155 713/713/713
f 923/923/923 714/714/714 180/180/180
f 923/923/923 180/180/180 388/388/388
f 922/922/922 715/715/715 260/260/260
f 922/922/922 260/260/260 716/716/716
f 921/921/921 531/531/531 179/179/179
f 921/921/921 179/179/179 717/717/717
f 920/920/920 718/718/718 116/116/116
f 920/920/920 116/116/116 324/324/324
f 919/919/919 719/719/719 261/261/261
f 919/919/919 261/261/261 720/720/720
f 918/918/918 530/530/530 178/178/178
f 918/918/918 178/178/178 721/721/721
f 917/917/917 722/722/722 177/177/177
f 917/917/917 177/177/177 385/385/385
f 916/916/916 723/723/723 262/262/262
f 916/916/916 262/262/262 724/724/724
f 915/915/915 494/494/494 142/142/142
f 915/915/915 142/142/142 725/725/725
f 914/914/914 726/726/726 176/176/176
f 914/914/914 176/176/176 384/384/384
f 913/913/913 727/727/727 263/263/263
f 913/913/913 263/263/263 728/728/728
f 912/912/912 527/527/527 175/175/175
f 912/912/912 175/175/175 729/729/729
f 911/911/911 730/730/730 117/117/117
f 911/911/911 117/117/117 325/325/325
f 910/910/910 731/731/731 264/264/264
f 910/910/910 264/264/264 732/732/732
f 909/909/909 526/526/526 174/174/174
f 909/909/909 174/174/174 733/733/733
f 908/908/908 734/734/734 173/173/173
f 908/908/908 173/173/173 381/381/381
f 907/907/907 735/735/735 265/265/265
f 907/907/907 265/265/265 736/736/736
f 906/906/906 510/510/510 158/158/158
f 906/906/906 158/158/158 737/737/737
f 905/905/905 738/738/738 172/172/172
f 905/905/905 172/172/172 380/380/380
f 904/904/904 739/739/739 266/266/266
f 904/904/904 266/266/266 740/740/740
f 903/903/903 523/523/523 171/171/171
f 903/903/903 171/171/171 741/741/741
f 902/902/902 742/742/742 89/89/89
f 902/902/902 89/89/89 297/297/297
f 901/901/901 743/743/743 267/267/267
f 901/901/901 267/267/267 744/744/744
f 900/900/900 522/522/522 170/170/170
f 900/900/900 170/170/170 745/745/745
f 899/899/899 746/746/746 169/169/169
f 899/899/899 169/169/169 377/377/377
f 898/898/898 747/747/747 268/268/268
f 898/898/898 268/268/268 748/748/748
f 897/897/897 511/511/511 159/159/159
f 897/897/897 159/159/159 749/749/749
f 896/896/896 750/750/750 168/168/168
f 896/896/896 168/168/168 376/376/376
f 895/895/895 751/751/751 269/269/269
f 895/895/895 269/269/269 752/752/752
f 894/894/894 519/519/519 167/167/167
f 894/894/894 167/167/167 753/753/753
f 893/893/893 754/754/754 120/120/120
f 893/893/893 120/120/120 328/328/328
f 892/892/892 755/755/755 270/270/270
f 892/892/892 270/270/270 756/756/756
f 891/891/891 518/518/518 166/166/166
f 891/891/891 166/166/166 757/757/757
f 890/890/890 758/758/758 165/165/165
f 890/890/890 165/165/165 373/373/373
f 889/889/889 759/759/759 760/760/760
f 759/759/759 271/271/271 760/760/760
f 888/888/888 488/488/488 136/136/136
f 888/888/888 136/136/136 761/761/761
f 887/887/887 762/762/762 164/164/164
f 887/887/887 164/164/164 372/372/372
f 886/886/886 763/763/763 272/272/272
f 886/886/886 272/272/272 764/764/764
f 885/885/885 515/515/515 163/163/163
f 885/885/885 163/163/163 765/765/765
f 884/884/884 766/766/766 121/121/121
f 884/884/884 121/121/121 329/329/329
f 883/883/883 767/767/767 273/273/273
f 883/883/883 273/273/273 768/768/768
f 882/882/882 514/514/514 162/162/162
f 882/882/882 162/162/162 769/769/769
f 881/881/881 770/770/770 161/161/161
f 881/881/881 161/161/161 369/369/369
f 880/880/880 771/771/771 274/274/274
f 880/880/880 274/274/274 772/772/772
f 879/879/879 448/448/448 96/96/96
f 879/879/879 96/96/96 773/773/773
f 878/878/878 774/774/774 160/160/160
f 878/878/878 160/160/160 368/368/368
f 877/877/877 775/775/775 275/275/275
f 877/877/877 275/275/275 776/776/776
f 876/876/876 471/471/471 119/119/119
f 876/876/876 119/119/119 777/777/777
f 875/875/875 778/778/778 129/129/129
f 875/875/875 129/129/129 337/337/337
f 874/874/874 779/779/779 276/276/276
f 874/874/874 276/276/276 780/780/780
f 873/873/873 470/470/470 118/118/118
f 873/873/873 118/118/118 781/781/781
f 872/872/872 782/782/782 365/365/365
f 782/782/782 157/157/157 365/365/365
f 871/871/871 783/783/783 277/277/277
f 871/871/871 277/277/277 784/784/784
f 870/870/870 454/454/454 102/102/102
f 870/870/870 102/102/102 785/785/785
f 869/869/869 786/786/786 156/156/156
f 869/869/869 156/156/156 364/364/364
f 868/868/868 787/787/787 278/278/278
f 868/868/868 278/278/278 788/788/788
f 867/867/867 467/467/467 115/115/115
f 867/867/867 115/115/115 789/789/789
f 866/866/866 790/790/790 125/125/125
f 866/866/866 125/125/125 333/333/333
f 865/865/865 791/791/791 279/279/279
f 865/865/865 279/279/279 792/792/792
f 864/864/864 466/466/466 114/114/114
f 864/864/864 114/114/114 793/793/793
f 863/863/863 794/794/794 153/153/153
f 863/863/863 153/153/153 361/361/361
f 862/862/862 795/795/795 280/280/280
f 862/862/862 280/280/280 796/796/796
f 861/861/861 455/455/455 103/103/103
f 861/861/861 103/103/103 797/797/797
f 860/860/860 798/798/798 152/152/152
f 860/860/860 152/152/152 360/360/360
f 859/859/859 799/799/799 281/281/281
f 859/859/859 281/281/281 800/800/800
f 858/858/858 463/463/463 111/111/111
f 858/858/858 111/111/111 801/801/801
f 857/857/857 802/802/802 132/132/132
f 857/857/857 132/132/132 340/340/340
f 856/856/856 803/803/803 804/804/804
f 803/803/803 282/282/282 804/804/804
f 855/855/855 462/462/462 110/110/110
f 855/855/855 110/110/110 805/805/805
f 854/854/854 806/806/806 149/149/149
f 854/854/854 149/149/149 357/357/357
f 853/853/853 807/807/807 283/283/283
f 853/853/853 283/283/283 808/808/808
f 852/852/852 452/452/452 100/100/100
f 852/852/852 100/100/100 809/809/809
f 851/851/851 810/810/810 148/148/148
f 851/851/851 148/148/148 356/356/356
f 850/850/850 811/811/811 284/284/284
f 850/850/850 284/284/284 812/812/812
f 849/849/849 459/459/459 107/107/107
f 849/849/849 107/107/107 813/813/813
f 848/848/848 814/814/814 341/341/341
f 814/814/814 133/133/133 341/341/341
f 847/847/847 815/815/815 285/285/285
f 847/847/847 285/285/285 816/816/816
f 846/846/846 458/458/458 106/106/106
f 846/846/846 106/106/106 817/817/817
f 845/845/845 818/818/818 145/145/145
f 845/845/845 145/145/145 353/353/353
f 844/844/844 819/819/819 820/820/820
f 819/819/819 286/286/286 820/820/820
f 843/843/843 440/440/440 88/88/88
f 843/843/843 88/88/88 821/821/821
f 842/842/842 822/822/822 144/144/144
f 842/842/842 144/144/144 352/352/352
f 841/841/841 823/823/823 287/287/287
f 841/841/841 287/287/287 824/824/824
f 840/840/840 443/443/443 91/91/91
f 840/840/840 91/91/91 825/825/825
f 839/839/839 826/826/826 137/137/137
f 839/839/839 137/137/137 345/345/345
f 838/838/838 827/827/827 288/288/288
f 838/838/838 288/288/288 828/828/828
f 837/837/837 442/442/442 90/90/90
f 837/837/837 90/90/90 829/829/829
f 836/836/836 830/830/830 141/141/141
f 836/836/836 141/141/141 349/349/349
f 835/835/835 831/831/831 289/289/289
f 835/835/835 289/289/289 832/832/832
f 834/834/834 436/436/436 84/84/84
f 834/834/834 84/84/84 833/833/833
f 831/831/831 834/834/834 833/833/833
f 831/831/831 833/833/833 289/289/289
f 225/225/225 577/577/577 834/834/834
f 225/225/225 834/834/834 831/831/831
f 577/577/577 28/28/28 436/436/436
f 577/577/577 436/436/436 834/834/834
f 574/574/574 835/835/835 832/832/832
f 574/574/574 832/832/832 222/222/222
f 81/81/81 433/433/433 835/835/835
f 81/81/81 835/835/835 574/574/574
f 433/433/433 225/225/225 831/831/831
f 433/433/433 831/831/831 835/835/835
f 430/430/430 836/836/836 349/349/349
f 430/430/430 349/349/349 45/45/45
f 222/222/222 832/832/832 836/836/836
f 222/222/222 836/836/836 430/430/430
f 832/832/832 289/289/289 830/830/830
f 832/832/832 830/830/830 836/836/836
f 827/827/827 837/837/837 829/829/829
f 827/827/827 829/829/829 288/288/288
f 221/221/221 573/573/573 837/837/837
f 221/221/221 837/837/837 827/827/827
f 573/573/573 34/34/34 442/442/442
f 573/573/573 442/442/442 837/837/837
f 570/570/570 838/838/838 828/828/828
f 570/570/570 828/828/828 218/218/218
f 80/80/80 429/429/429 838/838/838
f 80/80/80 838/838/838 570/570/570
f 429/429/429 221/221/221 827/827/827
f 429/429/429 827/827/827 838/838/838
f 426/426/426 839/839/839 345/345/345
f 426/426/426 345/345/345 41/41/41
f 218/218/218 828/828/828 839/839/839
f 218/218/218 839/839/839 426/426/426
f 828/828/828 288/288/288 826/826/826
f 828/828/828 826/826/826 839/839/839
f 823/823/823 840/840/840 825/825/825
f 823/823/823 825/825/825 287/287/287
f 217/217/217 569/569/569 840/840/840
f 217/217/217 840/840/840 823/823/823
f 569/569/569 35/35/35 443/443/443
f 569/569/569 443/443/443 840/840/840
f 566/566/566 841/841/841 824/824/824
f 566/566/566 824/824/824 214/214/214
f 79/79/79 425/425/425 841/841/841
f 79/79/79 841/841/841 566/566/566
f 425/425/425 217/217/217 823/823/823
f 425/425/425 823/823/823 841/841/841
f 422/422/422 842/842/842 352/352/352
f 422/422/422 352/352/352 48/48/48
f 214/214/214 824/824/824 842/842/842
f 214/214/214 842/842/842 422/422/422
f 824/824/824 287/287/287 822/822/822
f 824/824/824 822/822/822 842/842/842
f 819/819/819 843/843/843 821/821/821
f 819/819/819 821/821/821 286/286/286
f 213/213/213 565/565/565 843/843/843
f 213/213/213 843/843/843 819/819/819
f 565/565/565 32/32/32 440/440/440
f 565/565/565 440/440/440 843/843/843
f 562/562/562 844/844/844 820/820/820
f 562/562/562 820/820/820 210/210/210
f 78/78/78 421/421/421 844/844/844
f 78/78/78 844/844/844 562/562/562
f 421/421/421 213/213/213 819/819/819
f 421/421/421 819/819/819 844/844/844
f 418/418/418 845/845/845 353/353/353
f 418/418/418 353/353/353 49/49/49
f 210/210/210 820/820/820 845/845/845
f 210/210/210 845/845/845 418/418/418
f 820/820/820 286/286/286 818/818/818
f 820/820/820 818/818/818 845/845/845
f 815/815/815 846/846/846 817/817/817
f 815/815/815 817/817/817 285/285/285
f 209/209/209 561/561/561 846/846/846
f 209/209/209 846/846/846 815/815/815
f 561/561/561 50/50/50 458/458/458
f 561/561/561 458/458/458 846/846/846
f 558/558/558 847/847/847 816/816/816
f 558/558/558 816/816/816 206/206/206
f 77/77/77 417/417/417 847/847/847
f 77/77/77 847/847/847 558/558/558
f 417/417/417 209/209/209 815/815/815
f 417/417/417 815/815/815 847/847/847
f 414/414/414 848/848/848 341/341/341
f 414/414/414 341/341/341 37/37/37
f 206/206/206 816/816/816 414/414/414
f 816/816/816 848/848/848 414/414/414
f 816/816/816 285/285/285 814/814/814
f 816/816/816 814/814/814 848/848/848
f 811/811/811 849/849/849 813/813/813
f 811/811/811 813/813/813 284/284/284
f 205/205/205 557/557/557 849/849/849
f 205/205/205 849/849/849 811/811/811
f 557/557/557 51/51/51 459/459/459
f 557/557/557 459/459/459 849/849/849
f 554/554/554 850/850/850 812/812/812
f 554/554/554 812/812/812 202/202/202
f 76/76/76 413/413/413 850/850/850
f 76/76/76 850/850/850 554/554/554
f 413/413/413 205/205/205 811/811/811
f 413/413/413 811/811/811 850/850/850
f 410/410/410 851/851/851 356/356/356
f 410/410/410 356/356/356 52/52/52
f 202/202/202 812/812/812 851/851/851
f 202/202/202 851/851/851 410/410/410
f 812/812/812 284/284/284 810/810/810
f 812/812/812 810/810/810 851/851/851
f 807/807/807 852/852/852 809/809/809
f 807/807/807 809/809/809 283/283/283
f 201/201/201 553/553/553 807/807/807
f 553/553/553 852/852/852 807/807/807
f 553/553/553 44/44/44 452/452/452
f 553/553/553 452/452/452 852/852/852
f 550/550/550 853/853/853 808/808/808
f 550/550/550 808/808/808 198/198/198
f 75/75/75 409/409/409 853/853/853
f 75/75/75 853/853/853 550/550/550
f 409/409/409 201/201/201 807/807/807
f 409/409/409 807/807/807 853/853/853
f 406/406/406 854/854/854 357/357/357
f 406/406/406 357/357/357 53/53/53
f 198/198/198 808/808/808 854/854/854
f 198/198/198 854/854/854 406/406/406
f 808/808/808 283/283/283 806/806/806
f 808/808/808 806/806/806 854/854/854
f 803/803/803 855/855/855 805/805/805
f 803/803/803 805/805/805 282/282/282
f 197/197/197 549/549/549 855/855/855
f 197/197/197 855/855/855 803/803/803
f 549/549/549 54/54/54 462/462/462
f 549/549/549 462/462/462 855/855/855
f 546/546/546 856/856/856 804/804/804
f 546/546/546 804/804/804 194/194/194
f 74/74/74 405/405/405 546/546/546
f 405/405/405 856/856/856 546/546/546
f 405/405/405 197/197/197 803/803/803
f 405/405/405 803/803/803 856/856/856
f 402/402/402 857/857/857 340/340/340
f 402/402/402 340/340/340 36/36/36
f 194/194/194 804/804/804 857/857/857
f 194/194/194 857/857/857 402/402/402
f 804/804/804 282/282/282 802/802/802
f 804/804/804 802/802/802 857/857/857
f 799/799/799 858/858/858 801/801/801
f 799/799/799 801/801/801 281/281/281
f 193/193/193 545/545/545 858/858/858
f 193/193/193 858/858/858 799/799/799
f 545/545/545 55/55/55 463/463/463
f 545/545/545 463/463/463 858/858/858
f 542/542/542 859/859/859 800/800/800
f 542/542/542 800/800/800 190/190/190
f 73/73/73 401/401/401 859/859/859
f 73/73/73 859/859/859 542/542/542
f 401/401/401 193/193/193 799/799/799
f 401/401/401 799/799/799 859/859/859
f 398/398/398 860/860/860 360/360/360
f 398/398/398 360/360/360 56/56/56
f 190/190/190 800/800/800 860/860/860
f 190/190/190 860/860/860 398/398/398
f 800/800/800 281/281/281 798/798/798
f 800/800/800 798/798/798 860/860/860
f 795/795/795 861/861/861 797/797/797
f 795/795/795 797/797/797 280/280/280
f 189/189/189 541/541/541 861/861/861
f 189/189/189 861/861/861 795/795/795
f 541/541/541 47/47/47 455/455/455
f 541/541/541 455/455/455 861/861/861
f 538/538/538 862/862/862 796/796/796
f 538/538/538 796/796/796 186/186/186
f 72/72/72 397/397/397 862/862/862
f 72/72/72 862/862/862 538/538/538
f 397/397/397 189/189/189 795/795/795
f 397/397/397 795/795/795 862/862/862
f 394/394/394 863/863/863 361/361/361
f 394/394/394 361/361/361 57/57/57
f 186/186/186 796/796/796 863/863/863
f 186/186/186 863/863/863 394/394/394
f 796/796/796 280/280/280 794/794/794
f 796/796/796 794/794/794 863/863/863
f 791/791/791 864/864/864 793/793/793
f 791/791/791 793/793/793 279/279/279
f 185/185/185 537/537/537 864/864/864
f 185/185/185 864/864/864 791/791/791
f 537/537/537 58/58/58 466/466/466
f 537/537/537 466/466/466 864/864/864
f 534/534/534 865/865/865 792/792/792
f 534/534/534 792/792/792 182/182/182
f 71/71/71 393/393/393 865/865/865
f 71/71/71 865/865/865 534/534/534
f 393/393/393 185/185/185 791/791/791
f 393/393/393 791/791/791 865/865/865
f 390/390/390 866/866/866 333/333/333
f 390/390/390 333/333/333 29/29/29
f 182/182/182 792/792/792 866/866/866
f 182/182/182 866/866/866 390/390/390
f 792/792/792 279/279/279 790/790/790
f 792/792/792 790/790/790 866/866/866
f 787/787/787 867/867/867 278/278/278
f 867/867/867 789/789/789 278/278/278
f 181/181/181 533/533/533 867/867/867
f 181/181/181 867/867/867 787/787/787
f 533/533/533 59/59/59 467/467/467
f 533/533/533 467/467/467 867/867/867
f 530/530/530 868/868/868 788/788/788
f 530/530/530 788/788/788 178/178/178
f 70/70/70 389/389/389 530/530/530
f 389/389/389 868/868/868 530/530/530
f 389/389/389 181/181/181 787/787/787
f 389/389/389 787/787/787 868/868/868
f 386/386/386 869/869/869 364/364/364
f 386/386/386 364/364/364 60/60/60
f 178/178/178 788/788/788 869/869/869
f 178/178/178 869/869/869 386/386/386
f 788/788/788 278/278/278 869/869/869
f 278/278/278 786/786/786 869/869/869
f 783/783/783 870/870/870 785/785/785
f 783/783/783 785/785/785 277/277/277
f 177/177/177 529/529/529 870/870/870
f 177/177/177 870/870/870 783/783/783
f 529/529/529 46/46/46 454/454/454
f 529/529/529 454/454/454 870/870/870
f 526/526/526 871/871/871 784/784/784
f 526/526/526 784/784/784 174/174/174
f 69/69/69 385/385/385 871/871/871
f 69/69/69 871/871/871 526/526/526
f 385/385/385 177/177/177 783/783/783
f 385/385/385 783/783/783 871/871/871
f 382/382/382 872/872/872 365/365/365
f 382/382/382 365/365/365 61/61/61
f 174/174/174 784/784/784 872/872/872
f 174/174/174 872/872/872 382/382/382
f 784/784/784 277/277/277 782/782/782
f 784/784/784 782/782/782 872/872/872
f 779/779/779 873/873/873 781/781/781
f 779/779/779 781/781/781 276/276/276
f 173/173/173 525/525/525 873/873/873
f 173/173/173 873/873/873 779/779/779
f 525/525/525 62/62/62 470/470/470
f 525/525/525 470/470/470 873/873/873
f 522/522/522 874/874/874 780/780/780
f 522/522/522 780/780/780 170/170/170
f 68/68/68 381/381/381 874/874/874
f 68/68/68 874/874/874 522/522/522
f 381/381/381 173/173/173 779/779/779
f 381/381/381 779/779/779 874/874/874
f 378/378/378 875/875/875 337/337/337
f 378/378/378 337/337/337 33/33/33
f 170/170/170 780/780/780 875/875/875
f 170/170/170 875/875/875 378/378/378
f 780/780/780 276/276/276 778/778/778
f 780/780/780 778/778/778 875/875/875
f 775/775/775 876/876/876 777/777/777
f 775/775/775 777/777/777 275/275/275
f 169/169/169 521/521/521 876/876/876
f 169/169/169 876/876/876 775/775/775
f 521/521/521 63/63/63 471/471/471
f 521/521/521 471/471/471 876/876/876
f 518/518/518 877/877/877 776/776/776
f 518/518/518 776/776/776 166/166/166
f 67/67/67 377/377/377 877/877/877
f 67/67/67 877/877/877 518/518/518
f 377/377/377 169/169/169 775/775/775
f 377/377/377 775/775/775 877/877/877
f 374/374/374 878/878/878 368/368/368
f 374/374/374 368/368/368 64/64/64
f 166/166/166 776/776/776 878/878/878
f 166/166/166 878/878/878 374/374/374
f 776/776/776 275/275/275 774/774/774
f 776/776/776 774/774/774 878/878/878
f 771/771/771 879/879/879 773/773/773
f 771/771/771 773/773/773 274/274/274
f 165/165/165 517/517/517 879/879/879
f 165/165/165 879/879/879 771/771/771
f 517/517/517 40/40/40 448/448/448
f 517/517/517 448/448/448 879/879/879
f 514/514/514 880/880/880 772/772/772
f 514/514/514 772/772/772 162/162/162
f 66/66/66 373/373/373 880/880/880
f 66/66/66 880/880/880 514/514/514
f 373/373/373 165/165/165 771/771/771
f 373/373/373 771/771/771 880/880/880
f 370/370/370 881/881/881 369/369/369
f 370/370/370 369/369/369 65/65/65
f 162/162/162 772/772/772 881/881/881
f 162/162/162 881/881/881 370/370/370
f 772/772/772 274/274/274 770/770/770
f 772/772/772 770/770/770 881/881/881
f 767/767/767 882/882/882 769/769/769
f 767/767/767 769/769/769 273/273/273
f 164/164/164 516/516/516 882/882/882
f 164/164/164 882/882/882 767/767/767
f 516/516/516 66/66/66 514/514/514
f 516/516/516 514/514/514 882/882/882
f 471/471/471 883/883/883 768/768/768
f 471/471/471 768/768/768 119/119/119
f 63/63/63 372/372/372 883/883/883
f 63/63/63 883/883/883 471/471/471
f 372/372/372 164/164/164 767/767/767
f 372/372/372 767/767/767 883/883/883
f 327/327/327 884/884/884 329/329/329
f 327/327/327 329/329/329 25/25/25
f 119/119/119 768/768/768 884/884/884
f 119/119/119 884/884/884 327/327/327
f 768/768/768 273/273/273 766/766/766
f 768/768/768 766/766/766 884/884/884
f 763/763/763 885/885/885 272/272/272
f 885/885/885 765/765/765 272/272/272
f 105/105/105 457/457/457 885/885/885
f 105/105/105 885/885/885 763/763/763
f 457/457/457 49/49/49 515/515/515
f 457/457/457 515/515/515 885/885/885
f 511/511/511 886/886/886 764/764/764
f 511/511/511 764/764/764 159/159/159
f 21/21/21 313/313/313 886/886/886
f 21/21/21 886/886/886 511/511/511
f 313/313/313 105/105/105 763/763/763
f 313/313/313 763/763/763 886/886/886
f 367/367/367 887/887/887 372/372/372
f 367/367/367 372/372/372 63/63/63
f 159/159/159 764/764/764 887/887/887
f 159/159/159 887/887/887 367/367/367
f 764/764/764 272/272/272 762/762/762
f 764/764/764 762/762/762 887/887/887
f 759/759/759 888/888/888 761/761/761
f 759/759/759 761/761/761 271/271/271
f 145/145/145 497/497/497 888/888/888
f 145/145/145 888/888/888 759/759/759
f 497/497/497 7/7/7 488/488/488
f 497/497/497 488/488/488 888/888/888
f 515/515/515 889/889/889 760/760/760
f 515/515/515 760/760/760 163/163/163
f 49/49/49 353/353/353 515/515/515
f 353/353/353 889/889/889 515/515/515
f 353/353/353 145/145/145 759/759/759
f 353/353/353 759/759/759 889/889/889
f 371/371/371 890/890/890 373/373/373
f 371/371/371 373/373/373 66/66/66
f 163/163/163 760/760/760 890/890/890
f 163/163/163 890/890/890 371/371/371
f 760/760/760 271/271/271 758/758/758
f 760/760/760 758/758/758 890/890/890
f 755/755/755 891/891/891 757/757/757
f 755/755/755 757/757/757 270/270/270
f 168/168/168 520/520/520 891/891/891
f 168/168/168 891/891/891 755/755/755
f 520/520/520 67/67/67 518/518/518
f 520/520/520 518/518/518 891/891/891
f 454/454/454 892/892/892 756/756/756
f 454/454/454 756/756/756 102/102/102
f 46/46/46 376/376/376 892/892/892
f 46/46/46 892/892/892 454/454/454
f 376/376/376 168/168/168 755/755/755
f 376/376/376 755/755/755 892/892/892
f 310/310/310 893/893/893 328/328/328
f 310/310/310 328/328/328 18/18/18
f 102/102/102 756/756/756 893/893/893
f 102/102/102 893/893/893 310/310/310
f 756/756/756 270/270/270 754/754/754
f 756/756/756 754/754/754 893/893/893
f 751/751/751 894/894/894 753/753/753
f 751/751/751 753/753/753 269/269/269
f 93/93/93 445/445/445 894/894/894
f 93/93/93 894/894/894 751/751/751
f 445/445/445 37/37/37 519/519/519
f 445/445/445 519/519/519 894/894/894
f 494/494/494 895/895/895 752/752/752
f 494/494/494 752/752/752 142/142/142
f 9/9/9 301/301/301 895/895/895
f 9/9/9 895/895/895 494/494/494
f 301/301/301 93/93/93 751/751/751
f 301/301/301 751/751/751 895/895/895
f 350/350/350 896/896/896 376/376/376
f 350/350/350 376/376/376 46/46/46
f 142/142/142 752/752/752 896/896/896
f 142/142/142 896/896/896 350/350/350
f 752/752/752 269/269/269 750/750/750
f 752/752/752 750/750/750 896/896/896
f 747/747/747 897/897/897 749/749/749
f 747/747/747 749/749/749 268/268/268
f 133/133/133 485/485/485 897/897/897
f 133/133/133 897/897/897 747/747/747
f 485/485/485 21/21/21 511/511/511
f 485/485/485 511/511/511 897/897/897
f 519/519/519 898/898/898 748/748/748
f 519/519/519 748/748/748 167/167/167
f 37/37/37 341/341/341 898/898/898
f 37/37/37 898/898/898 519/519/519
f 341/341/341 133/133/133 747/747/747
f 341/341/341 747/747/747 898/898/898
f 375/375/375 899/899/899 377/377/377
f 375/375/375 377/377/377 67/67/67
f 167/167/167 748/748/748 899/899/899
f 167/167/167 899/899/899 375/375/375
f 748/748/748 268/268/268 746/746/746
f 748/748/748 746/746/746 899/899/899
f 743/743/743 900/900/900 745/745/745
f 743/743/743 745/745/745 267/267/267
f 172/172/172 524/524/524 900/900/900
f 172/172/172 900/900/900 743/743/743
f 524/524/524 68/68/68 522/522/522
f 524/524/524 522/522/522 900/900/900
f 442/442/442 901/901/901 744/744/744
f 442/442/442 744/744/744 90/90/90
f 34/34/34 380/380/380 901/901/901
f 34/34/34 901/901/901 442/442/442
f 380/380/380 172/172/172 743/743/743
f 380/380/380 743/743/743 901/901/901
f 298/298/298 902/902/902 297/297/297
f 298/298/298 297/297/297 8/8/8
f 90/90/90 744/744/744 902/902/902
f 90/90/90 902/902/902 298/298/298
f 744/744/744 267/267/267 742/742/742
f 744/744/744 742/742/742 902/902/902
f 739/739/739 903/903/903 741/741/741
f 739/739/739 741/741/741 266/266/266
f 120/120/120 472/472/472 903/903/903
f 120/120/120 903/903/903 739/739/739
f 472/472/472 64/64/64 523/523/523
f 472/472/472 523/523/523 903/903/903
f 482/482/482 904/904/904 740/740/740
f 482/482/482 740/740/740 130/130/130
f 18/18/18 328/328/328 904/904/904
f 18/18/18 904/904/904 482/482/482
f 328/328/328 120/120/120 739/739/739
f 328/328/328 739/739/739 904/904/904
f 338/338/338 905/905/905 380/380/380
f 338/338/338 380/380/380 34/34/34
f 130/130/130 740/740/740 905/905/905
f 130/130/130 905/905/905 338/338/338
f 740/740/740 266/266/266 738/738/738
f 740/740/740 738/738/738 905/905/905
f 735/735/735 906/906/906 737/737/737
f 735/735/735 737/737/737 265/265/265
f 160/160/160 512/512/512 906/906/906
f 160/160/160 906/906/906 735/735/735
f 512/512/512 25/25/25 510/510/510
f 512/512/512 510/510/510 906/906/906
f 523/523/523 907/907/907 736/736/736
f 523/523/523 736/736/736 171/171/171
f 64/64/64 368/368/368 907/907/907
f 64/64/64 907/907/907 523/523/523
f 368/368/368 160/160/160 735/735/735
f 368/368/368 735/735/735 907/907/907
f 379/379/379 908/908/908 381/381/381
f 379/379/379 381/381/381 68/68/68
f 171/171/171 736/736/736 908/908/908
f 171/171/171 908/908/908 379/379/379
f 736/736/736 265/265/265 734/734/734
f 736/736/736 734/734/734 908/908/908
f 731/731/731 909/909/909 733/733/733
f 731/731/731 733/733/733 264/264/264
f 176/176/176 528/528/528 909/909/909
f 176/176/176 909/909/909 731/731/731
f 528/528/528 69/69/69 526/526/526
f 528/528/528 526/526/526 909/909/909
f 467/467/467 910/910/910 732/732/732
f 467/467/467 732/732/732 115/115/115
f 59/59/59 384/384/384 910/910/910
f 59/59/59 910/910/910 467/467/467
f 384/384/384 176/176/176 731/731/731
f 384/384/384 731/731/731 910/910/910
f 323/323/323 911/911/911 325/325/325
f 323/323/323 325/325/325 24/24/24
f 115/115/115 732/732/732 911/911/911
f 115/115/115 911/911/911 323/323/323
f 732/732/732 264/264/264 730/730/730
f 732/732/732 730/730/730 911/911/911
f 727/727/727 912/912/912 729/729/729
f 727/727/727 729/729/729 263/263/263
f 104/104/104 456/456/456 912/912/912
f 104/104/104 912/912/912 727/727/727
f 456/456/456 48/48/48 527/527/527
f 456/456/456 527/527/527 912/912/912
f 507/507/507 913/913/913 728/728/728
f 507/507/507 728/728/728 155/155/155
f 20/20/20 312/312/312 913/913/913
f 20/20/20 913/913/913 507/507/507
f 312/312/312 104/104/104 727/727/727
f 312/312/312 727/727/727 913/913/913
f 363/363/363 914/914/914 384/384/384
f 363/363/363 384/384/384 59/59/59
f 155/155/155 728/728/728 914/914/914
f 155/155/155 914/914/914 363/363/363
f 728/728/728 263/263/263 726/726/726
f 728/728/728 726/726/726 914/914/914
f 723/723/723 915/915/915 725/725/725
f 723/723/723 725/725/725 262/262/262
f 144/144/144 496/496/496 915/915/915
f 144/144/144 915/915/915 723/723/723
f 496/496/496 9/9/9 494/494/494
f 496/496/496 494/494/494 915/915/915
f 527/527/527 916/916/916 724/724/724
f 527/527/527 724/724/724 175/175/175
f 48/48/48 352/352/352 916/916/916
f 48/48/48 916/916/916 527/527/527
f 352/352/352 144/144/144 723/723/723
f 352/352/352 723/723/723 916/916/916
f 383/383/383 917/917/917 385/385/385
f 383/383/383 385/385/385 69/69/69
f 175/175/175 724/724/724 917/917/917
f 175/175/175 917/917/917 383/383/383
f 724/724/724 262/262/262 722/722/722
f 724/724/724 722/722/722 917/917/917
f 719/719/719 918/918/918 721/721/721
f 719/719/719 721/721/721 261/261/261
f 180/180/180 532/532/532 918/918/918
f 180/180/180 918/918/918 719/719/719
f 532/532/532 70/70/70 530/530/530
f 532/532/532 530/530/530 918/918/918
f 334/334/334 919/919/919 720/720/720
f 334/334/334 720/720/720 126/126/126
f 30/30/30 388/388/388 919/919/919
f 30/30/30 919/919/919 334/334/334
f 388/388/388 180/180/180 719/719/719
f 388/388/388 719/719/719 919/919/919
f 478/478/478 920/920/920 324/324/324
f 478/478/478 324/324/324 14/14/14
f 126/126/126 720/720/720 920/920/920
f 126/126/126 920/920/920 478/478/478
f 720/720/720 261/261/261 718/718/718
f 720/720/720 718/718/718 920/920/920
f 715/715/715 921/921/921 717/717/717
f 715/715/715 717/717/717 260/260/260
f 92/92/92 444/444/444 921/921/921
f 92/92/92 921/921/921 715/715/715
f 444/444/444 36/36/36 531/531/531
f 444/444/444 531/531/531 921/921/921
f 294/294/294 922/922/922 86/86/86
f 922/922/922 716/716/716 86/86/86
f 5/5/5 300/300/300 922/922/922
f 5/5/5 922/922/922 294/294/294
f 300/300/300 92/92/92 715/715/715
f 300/300/300 715/715/715 922/922/922
f 438/438/438 923/923/923 388/388/388
f 438/438/438 388/388/388 30/30/30
f 86/86/86 716/716/716 923/923/923
f 86/86/86 923/923/923 438/438/438
f 716/716/716 260/260/260 714/714/714
f 716/716/716 714/714/714 923/923/923
f 711/711/711 924/924/924 713/713/713
f 711/711/711 713/713/713 259/259/259
f 132/132/132 484/484/484 924/924/924
f 132/132/132 924/924/924 711/711/711
f 484/484/484 20/20/20 507/507/507
f 484/484/484 507/507/507 924/924/924
f 531/531/531 925/925/925 712/712/712
f 531/531/531 712/712/712 179/179/179
f 36/36/36 340/340/340 925/925/925
f 36/36/36 925/925/925 531/531/531
f 340/340/340 132/132/132 711/711/711
f 340/340/340 711/711/711 925/925/925
f 387/387/387 926/926/926 389/389/389
f 387/387/387 389/389/389 70/70/70
f 179/179/179 712/712/712 926/926/926
f 179/179/179 926/926/926 387/387/387
f 712/712/712 259/259/259 710/710/710
f 712/712/712 710/710/710 926/926/926
f 707/707/707 927/927/927 709/709/709
f 707/707/707 709/709/709 258/258/258
f 184/184/184 536/536/536 927/927/927
f 184/184/184 927/927/927 707/707/707
f 536/536/536 71/71/71 534/534/534
f 536/536/536 534/534/534 927/927/927
f 346/346/346 928/928/928 708/708/708
f 346/346/346 708/708/708 138/138/138
f 42/42/42 392/392/392 928/928/928
f 42/42/42 928/928/928 346/346/346
f 392/392/392 184/184/184 707/707/707
f 392/392/392 707/707/707 928/928/928
f 490/490/490 929/929/929 293/293/293
f 490/490/490 293/293/293 3/3/3
f 138/138/138 708/708/708 929/929/929
f 138/138/138 929/929/929 490/490/490
f 708/708/708 258/258/258 706/706/706
f 708/708/708 706/706/706 929/929/929
f 703/703/703 930/930/930 705/705/705
f 703/703/703 705/705/705 257/257/257
f 116/116/116 468/468/468 930/930/930
f 116/116/116 930/930/930 703/703/703
f 468/468/468 60/60/60 535/535/535
f 468/468/468 535/535/535 930/930/930
f 306/306/306 931/931/931 704/704/704
f 306/306/306 704/704/704 98/98/98
f 14/14/14 324/324/324 931/931/931
f 14/14/14 931/931/931 306/306/306
f 324/324/324 116/116/116 703/703/703
f 324/324/324 703/703/703 931/931/931
f 450/450/450 932/932/932 392/392/392
f 450/450/450 392/392/392 42/42/42
f 98/98/98 704/704/704 932/932/932
f 98/98/98 932/932/932 450/450/450
f 704/704/704 257/257/257 702/702/702
f 704/704/704 702/702/702 932/932/932
f 699/699/699 933/933/933 701/701/701
f 699/699/699 701/701/701 256/256/256
f 156/156/156 508/508/508 933/933/933
f 156/156/156 933/933/933 699/699/699
f 508/508/508 24/24/24 506/506/506
f 508/508/508 506/506/506 933/933/933
f 535/535/535 934/934/934 700/700/700
f 535/535/535 700/700/700 183/183/183
f 60/60/60 364/364/364 934/934/934
f 60/60/60 934/934/934 535/535/535
f 364/364/364 156/156/156 699/699/699
f 364/364/364 699/699/699 934/934/934
f 391/391/391 935/935/935 393/393/393
f 391/391/391 393/393/393 71/71/71
f 183/183/183 700/700/700 935/935/935
f 183/183/183 935/935/935 391/391/391
f 700/700/700 256/256/256 698/698/698
f 700/700/700 698/698/698 935/935/935
f 695/695/695 936/936/936 697/697/697
f 695/695/695 697/697/697 255/255/255
f 188/188/188 540/540/540 936/936/936
f 188/188/188 936/936/936 695/695/695
f 540/540/540 72/72/72 936/936/936
f 72/72/72 538/538/538 936/936/936
f 463/463/463 937/937/937 696/696/696
f 463/463/463 696/696/696 111/111/111
f 55/55/55 396/396/396 937/937/937
f 55/55/55 937/937/937 463/463/463
f 396/396/396 188/188/188 695/695/695
f 396/396/396 695/695/695 937/937/937
f 319/319/319 938/938/938 321/321/321
f 319/319/319 321/321/321 23/23/23
f 111/111/111 696/696/696 938/938/938
f 111/111/111 938/938/938 319/319/319
f 696/696/696 255/255/255 694/694/694
f 696/696/696 694/694/694 938/938/938
f 691/691/691 939/939/939 693/693/693
f 691/691/691 693/693/693 254/254/254
f 127/127/127 335/335/335 939/939/939
f 127/127/127 939/939/939 691/691/691
f 335/335/335 31/31/31 539/539/539
f 335/335/335 539/539/539 939/939/939
f 503/503/503 940/940/940 692/692/692
f 503/503/503 692/692/692 151/151/151
f 15/15/15 479/479/479 940/940/940
f 15/15/15 940/940/940 503/503/503
f 479/479/479 127/127/127 691/691/691
f 479/479/479 691/691/691 940/940/940
f 359/359/359 941/941/941 396/396/396
f 359/359/359 396/396/396 55/55/55
f 151/151/151 692/692/692 941/941/941
f 151/151/151 941/941/941 359/359/359
f 692/692/692 254/254/254 690/690/690
f 692/692/692 690/690/690 941/941/941
f 687/687/687 942/942/942 689/689/689
f 687/687/687 689/689/689 253/253/253
f 87/87/87 295/295/295 942/942/942
f 87/87/87 942/942/942 687/687/687
f 295/295/295 6/6/6 495/495/495
f 295/295/295 495/495/495 942/942/942
f 539/539/539 943/943/943 688/688/688
f 539/539/539 688/688/688 187/187/187
f 31/31/31 439/439/439 539/539/539
f 439/439/439 943/943/943 539/539/539
f 439/439/439 87/87/87 687/687/687
f 439/439/439 687/687/687 943/943/943
f 395/395/395 944/944/944 397/397/397
f 395/395/395 397/397/397 72/72/72
f 187/187/187 688/688/688 944/944/944
f 187/187/187 944/944/944 395/395/395
f 688/688/688 253/253/253 686/686/686
f 688/688/688 686/686/686 944/944/944
f 683/683/683 945/945/945 685/685/685
f 683/683/683 685/685/685 252/252/252
f 192/192/192 544/544/544 945/945/945
f 192/192/192 945/945/945 683/683/683
f 544/544/544 73/73/73 542/542/542
f 544/544/544 542/542/542 945/945/945
f 330/330/330 946/946/946 684/684/684
f 330/330/330 684/684/684 122/122/122
f 26/26/26 400/400/400 946/946/946
f 26/26/26 946/946/946 330/330/330
f 400/400/400 192/192/192 946/946/946
f 192/192/192 683/683/683 946/946/946
f 474/474/474 947/947/947 320/320/320
f 474/474/474 320/320/320 10/10/10
f 122/122/122 684/684/684 947/947/947
f 122/122/122 947/947/947 474/474/474
f 684/684/684 252/252/252 682/682/682
f 684/684/684 682/682/682 947/947/947
f 679/679/679 948/948/948 681/681/681
f 679/679/679 681/681/681 251/251/251
f 139/139/139 347/347/347 948/948/948
f 139/139/139 948/948/948 679/679/679
f 347/347/347 43/43/43 543/543/543
f 347/347/347 543/543/543 948/948/948
f 290/290/290 949/949/949 680/680/680
f 290/290/290 680/680/680 82/82/82
f 1/1/1 491/491/491 949/949/949
f 1/1/1 949/949/949 290/290/290
f 491/491/491 139/139/139 679/679/679
f 491/491/491 679/679/679 949/949/949
f 434/434/434 950/950/950 400/400/400
f 434/434/434 400/400/400 26/26/26
f 82/82/82 680/680/680 950/950/950
f 82/82/82 950/950/950 434/434/434
f 680/680/680 251/251/251 678/678/678
f 680/680/680 678/678/678 950/950/950
f 675/675/675 951/951/951 677/677/677
f 675/675/675 677/677/677 250/250/250
f 99/99/99 307/307/307 951/951/951
f 99/99/99 951/951/951 675/675/675
f 307/307/307 15/15/15 503/503/503
f 307/307/307 503/503/503 951/951/951
f 543/543/543 952/952/952 676/676/676
f 543/543/543 676/676/676 191/191/191
f 43/43/43 451/451/451 952/952/952
f 43/43/43 952/952/952 543/543/543
f 451/451/451 99/99/99 675/675/675
f 451/451/451 675/675/675 952/952/952
f 399/399/399 953/953/953 401/401/401
f 399/399/399 401/401/401 73/73/73
f 191/191/191 676/676/676 953/953/953
f 191/191/191 953/953/953 399/399/399
f 676/676/676 250/250/250 674/674/674
f 676/676/676 674/674/674 953/953/953
f 671/671/671 954/954/954 673/673/673
f 671/671/671 673/673/673 249/249/249
f 196/196/196 548/548/548 954/954/954
f 196/196/196 954/954/954 671/671/671
f 548/548/548 74/74/74 546/546/546
f 548/548/548 546/546/546 954/954/954
f 342/342/342 955/955/955 672/672/672
f 342/342/342 672/672/672 134/134/134
f 38/38/38 404/404/404 955/955/955
f 38/38/38 955/955/955 342/342/342
f 404/404/404 196/196/196 671/671/671
f 404/404/404 671/671/671 955/955/955
f 486/486/486 956/956/956 300/300/300
f 486/486/486 300/300/300 5/5/5
f 134/134/134 672/672/672 956/956/956
f 134/134/134 956/956/956 486/486/486
f 672/672/672 249/249/249 670/670/670
f 672/672/672 670/670/670 956/956/956
f 667/667/667 957/957/957 669/669/669
f 667/667/667 669/669/669 248/248/248
f 112/112/112 464/464/464 957/957/957
f 112/112/112 957/957/957 667/667/667
f 464/464/464 56/56/56 547/547/547
f 464/464/464 547/547/547 957/957/957
f 302/302/302 958/958/958 668/668/668
f 302/302/302 668/668/668 94/94/94
f 10/10/10 320/320/320 958/958/958
f 10/10/10 958/958/958 302/302/302
f 320/320/320 112/112/112 667/667/667
f 320/320/320 667/667/667 958/958/958
f 446/446/446 959/959/959 404/404/404
f 446/446/446 404/404/404 38/38/38
f 94/94/94 668/668/668 959/959/959
f 94/94/94 959/959/959 446/446/446
f 668/668/668 248/248/248 666/666/666
f 668/668/668 666/666/666 959/959/959
f 663/663/663 960/960/960 665/665/665
f 663/663/663 665/665/665 247/247/247
f 152/152/152 504/504/504 960/960/960
f 152/152/152 960/960/960 663/663/663
f 504/504/504 23/23/23 502/502/502
f 504/504/504 502/502/502 960/960/960
f 547/547/547 961/961/961 664/664/664
f 547/547/547 664/664/664 195/195/195
f 56/56/56 360/360/360 961/961/961
f 56/56/56 961/961/961 547/547/547
f 360/360/360 152/152/152 663/663/663
f 360/360/360 663/663/663 961/961/961
f 403/403/403 962/962/962 405/405/405
f 403/403/403 405/405/405 74/74/74
f 195/195/195 664/664/664 962/962/962
f 195/195/195 962/962/962 403/403/403
f 664/664/664 247/247/247 662/662/662
f 664/664/664 662/662/662 962/962/962
f 659/659/659 963/963/963 661/661/661
f 659/659/659 661/661/661 246/246/246
f 200/200/200 552/552/552 963/963/963
f 200/200/200 963/963/963 659/659/659
f 552/552/552 75/75/75 550/550/550
f 552/552/552 550/550/550 963/963/963
f 459/459/459 964/964/964 660/660/660
f 459/459/459 660/660/660 107/107/107
f 51/51/51 408/408/408 964/964/964
f 51/51/51 964/964/964 459/459/459
f 408/408/408 200/200/200 659/659/659
f 408/408/408 659/659/659 964/964/964
f 315/315/315 965/965/965 317/317/317
f 315/315/315 317/317/317 22/22/22
f 107/107/107 660/660/660 965/965/965
f 107/107/107 965/965/965 315/315/315
f 660/660/660 246/246/246 658/658/658
f 660/660/660 658/658/658 965/965/965
f 655/655/655 966/966/966 657/657/657
f 655/655/655 657/657/657 245/245/245
f 123/123/123 331/331/331 655/655/655
f 331/331/331 966/966/966 655/655/655
f 331/331/331 27/27/27 551/551/551
f 331/331/331 551/551/551 966/966/966
f 499/499/499 967/967/967 656/656/656
f 499/499/499 656/656/656 147/147/147
f 11/11/11 475/475/475 967/967/967
f 11/11/11 967/967/967 499/499/499
f 475/475/475 123/123/123 655/655/655
f 475/475/475 655/655/655 967/967/967
f 355/355/355 968/968/968 408/408/408
f 355/355/355 408/408/408 51/51/51
f 147/147/147 656/656/656 968/968/968
f 147/147/147 968/968/968 355/355/355
f 656/656/656 245/245/245 654/654/654
f 656/656/656 654/654/654 968/968/968
f 651/651/651 969/969/969 653/653/653
f 651/651/651 653/653/653 244/244/244
f 83/83/83 291/291/291 969/969/969
f 83/83/83 969/969/969 651/651/651
f 291/291/291 2/2/2 492/492/492
f 291/291/291 492/492/492 969/969/969
f 551/551/551 970/970/970 652/652/652
f 551/551/551 652/652/652 199/199/199
f 27/27/27 435/435/435 970/970/970
f 27/27/27 970/970/970 551/551/551
f 435/435/435 83/83/83 651/651/651
f 435/435/435 651/651/651 970/970/970
f 407/407/407 971/971/971 409/409/409
f 407/407/407 409/409/409 75/75/75
f 199/199/199 652/652/652 407/407/407
f 652/652/652 971/971/971 407/407/407
f 652/652/652 244/244/244 650/650/650
f 652/652/652 650/650/650 971/971/971
f 647/647/647 972/972/972 649/649/649
f 647/647/647 649/649/649 243/243/243
f 204/204/204 556/556/556 972/972/972
f 204/204/204 972/972/972 647/647/647
f 556/556/556 76/76/76 554/554/554
f 556/556/556 554/554/554 972/972/972
f 455/455/455 973/973/973 648/648/648
f 455/455/455 648/648/648 103/103/103
f 47/47/47 412/412/412 973/973/973
f 47/47/47 973/973/973 455/455/455
f 412/412/412 204/204/204 647/647/647
f 412/412/412 647/647/647 973/973/973
f 311/311/311 974/974/974 316/316/316
f 311/311/311 316/316/316 19/19/19
f 103/103/103 648/648/648 974/974/974
f 103/103/103 974/974/974 311/311/311
f 648/648/648 243/243/243 646/646/646
f 648/648/648 646/646/646 974/974/974
f 643/643/643 975/975/975 645/645/645
f 643/643/643 645/645/645 242/242/242
f 135/135/135 343/343/343 975/975/975
f 135/135/135 975/975/975 643/643/643
f 343/343/343 39/39/39 555/555/555
f 343/343/343 555/555/555 975/975/975
f 495/495/495 976/976/976 644/644/644
f 495/495/495 644/644/644 143/143/143
f 6/6/6 487/487/487 976/976/976
f 6/6/6 976/976/976 495/495/495
f 487/487/487 135/135/135 643/643/643
f 487/487/487 643/643/643 976/976/976
f 351/351/351 977/977/977 412/412/412
f 351/351/351 412/412/412 47/47/47
f 143/143/143 644/644/644 977/977/977
f 143/143/143 977/977/977 351/351/351
f 644/644/644 242/242/242 642/642/642
f 644/644/644 642/642/642 977/977/977
f 639/639/639 978/978/978 641/641/641
f 639/639/639 641/641/641 241/241/241
f 95/95/95 303/303/303 978/978/978
f 95/95/95 978/978/978 639/639/639
f 303/303/303 11/11/11 499/499/499
f 303/303/303 499/499/499 978/978/978
f 555/555/555 979/979/979 640/640/640
f 555/555/555 640/640/640 203/203/203
f 39/39/39 447/447/447 979/979/979
f 39/39/39 979/979/979 555/555/555
f 447/447/447 95/95/95 639/639/639
f 447/447/447 639/639/639 979/979/979
f 411/411/411 980/980/980 413/413/413
f 411/411/411 413/413/413 76/76/76
f 203/203/203 640/640/640 980/980/980
f 203/203/203 980/980/980 411/411/411
f 640/640/640 241/241/241 638/638/638
f 640/640/640 638/638/638 980/980/980
f 635/635/635 981/981/981 637/637/637
f 635/635/635 637/637/637 240/240/240
f 208/208/208 560/560/560 981/981/981
f 208/208/208 981/981/981 635/635/635
f 560/560/560 77/77/77 981/981/981
f 77/77/77 558/558/558 981/981/981
f 443/443/443 982/982/982 636/636/636
f 443/443/443 636/636/636 91/91/91
f 35/35/35 416/416/416 982/982/982
f 35/35/35 982/982/982 443/443/443
f 416/416/416 208/208/208 635/635/635
f 416/416/416 635/635/635 982/982/982
f 299/299/299 983/983/983 301/301/301
f 299/299/299 301/301/301 9/9/9
f 91/91/91 636/636/636 983/983/983
f 91/91/91 983/983/983 299/299/299
f 636/636/636 240/240/240 634/634/634
f 636/636/636 634/634/634 983/983/983
f 631/631/631 984/984/984 633/633/633
f 631/631/631 633/633/633 239/239/239
f 108/108/108 460/460/460 984/984/984
f 108/108/108 984/984/984 631/631/631
f 460/460/460 52/52/52 559/559/559
f 460/460/460 559/559/559 984/984/984
f 483/483/483 985/985/985 131/131/131
f 985/985/985 632/632/632 131/131/131
f 19/19/19 316/316/316 985/985/985
f 19/19/19 985/985/985 483/483/483
f 316/316/316 108/108/108 631/631/631
f 316/316/316 631/631/631 985/985/985
f 339/339/339 986/986/986 416/416/416
f 339/339/339 416/416/416 35/35/35
f 131/131/131 632/632/632 986/986/986
f 131/131/131 986/986/986 339/339/339
f 632/632/632 239/239/239 986/986/986
f 239/239/239 630/630/630 986/986/986
f 627/627/627 987/987/987 629/629/629
f 627/627/627 629/629/629 238/238/238
f 148/148/148 500/500/500 987/987/987
f 148/148/148 987/987/987 627/627/627
f 500/500/500 22/22/22 498/498/498
f 500/500/500 498/498/498 987/987/987
f 559/559/559 988/988/988 628/628/628
f 559/559/559 628/628/628 207/207/207
f 52/52/52 356/356/356 988/988/988
f 52/52/52 988/988/988 559/559/559
f 356/356/356 148/148/148 627/627/627
f 356/356/356 627/627/627 988/988/988
f 415/415/415 989/989/989 417/417/417
f 415/415/415 417/417/417 77/77/77
f 207/207/207 628/628/628 989/989/989
f 207/207/207 989/989/989 415/415/415
f 628/628/628 238/238/238 626/626/626
f 628/628/628 626/626/626 989/989/989
f 623/623/623 990/990/990 625/625/625
f 623/623/623 625/625/625 237/237/237
f 212/212/212 564/564/564 990/990/990
f 212/212/212 990/990/990 623/623/623
f 564/564/564 78/78/78 990/990/990
f 78/78/78 562/562/562 990/990/990
f 458/458/458 991/991/991 624/624/624
f 458/458/458 624/624/624 106/106/106
f 50/50/50 420/420/420 991/991/991
f 50/50/50 991/991/991 458/458/458
f 420/420/420 212/212/212 623/623/623
f 420/420/420 623/623/623 991/991/991
f 314/314/314 992/992/992 313/313/313
f 314/314/314 313/313/313 21/21/21
f 106/106/106 624/624/624 992/992/992
f 106/106/106 992/992/992 314/314/314
f 624/624/624 237/237/237 622/622/622
f 624/624/624 622/622/622 992/992/992
f 619/619/619 993/993/993 621/621/621
f 619/619/619 621/621/621 236/236/236
f 109/109/109 461/461/461 993/993/993
f 109/109/109 993/993/993 619/619/619
f 461/461/461 53/53/53 563/563/563
f 461/461/461 563/563/563 993/993/993
f 498/498/498 994/994/994 620/620/620
f 498/498/498 620/620/620 146/146/146
f 22/22/22 317/317/317 994/994/994
f 22/22/22 994/994/994 498/498/498
f 317/317/317 109/109/109 619/619/619
f 317/317/317 619/619/619 994/994/994
f 354/354/354 995/995/995 420/420/420
f 354/354/354 420/420/420 50/50/50
f 146/146/146 620/620/620 995/995/995
f 146/146/146 995/995/995 354/354/354
f 620/620/620 236/236/236 618/618/618
f 620/620/620 618/618/618 995/995/995
f 615/615/615 996/996/996 617/617/617
f 615/615/615 617/617/617 235/235/235
f 149/149/149 501/501/501 996/996/996
f 149/149/149 996/996/996 615/615/615
f 501/501/501 16/16/16 480/480/480
f 501/501/501 480/480/480 996/996/996
f 563/563/563 997/997/997 616/616/616
f 563/563/563 616/616/616 211/211/211
f 53/53/53 357/357/357 997/997/997
f 53/53/53 997/997/997 563/563/563
f 357/357/357 149/149/149 615/615/615
f 357/357/357 615/615/615 997/997/997
f 419/419/419 998/998/998 421/421/421
f 419/419/419 421/421/421 78/78/78
f 211/211/211 616/616/616 998/998/998
f 211/211/211 998/998/998 419/419/419
f 616/616/616 235/235/235 614/614/614
f 616/616/616 614/614/614 998/998/998
f 611/611/611 999/999/999 613/613/613
f 611/611/611 613/613/613 234/234/234
f 216/216/216 568/568/568 999/999/999
f 216/216/216 999/999/999 611/611/611
f 568/568/568 79/79/79 566/566/566
f 568/568/568 566/566/566 999/999/999
f 462/462/462 1000/1000/1000 612/612/612
f 462/462/462 612/612/612 110/110/110
f 54/54/54 424/424/424 1000/1000/1000
f 54/54/54 1000/1000/1000 462/462/462
f 424/424/424 216/216/216 611/611/611
f 424/424/424 611/611/611 1000/1000/1000
f 318/318/318 1001/1001/1001 312/312/312
f 318/318/318 312/312/312 20/20/20
f 110/110/110 612/612/612 1001/1001/1001
f 110/110/110 1001/1001/1001 318/318/318
f 612/612/612 234/234/234 610/610/610
f 612/612/612 610/610/610 1001/1001/1001
f 607/607/607 1002/1002/1002 609/609/609
f 607/607/607 609/609/609 233/233/233
f 113/113/113 465/465/465 1002/1002/1002
f 113/113/113 1002/1002/1002 607/607/607
f 465/465/465 57/57/57 567/567/567
f 465/465/465 567/567/567 1002/1002/1002
f 502/502/502 1003/1003/1003 608/608/608
f 502/502/502 608/608/608 150/150/150
f 23/23/23 321/321/321 502/502/502
f 321/321/321 1003/1003/1003 502/502/502
f 321/321/321 113/113/113 607/607/607
f 321/321/321 607/607/607 1003/1003/1003
f 358/358/358 1004/1004/1004 424/424/424
f 358/358/358 424/424/424 54/54/54
f 150/150/150 608/608/608 1004/1004/1004
f 150/150/150 1004/1004/1004 358/358/358
f 608/608/608 233/233/233 606/606/606
f 608/608/608 606/606/606 1004/1004/1004
f 603/603/603 1005/1005/1005 605/605/605
f 603/603/603 605/605/605 232/232/232
f 153/153/153 505/505/505 1005/1005/1005
f 153/153/153 1005/1005/1005 603/603/603
f 505/505/505 19/19/19 483/483/483
f 505/505/505 483/483/483 1005/1005/1005
f 567/567/567 1006/1006/1006 604/604/604
f 567/567/567 604/604/604 215/215/215
f 57/57/57 361/361/361 1006/1006/1006
f 57/57/57 1006/1006/1006 567/567/567
f 361/361/361 153/153/153 603/603/603
f 361/361/361 603/603/603 1006/1006/1006
f 423/423/423 1007/1007/1007 425/425/425
f 423/423/423 425/425/425 79/79/79
f 215/215/215 604/604/604 1007/1007/1007
f 215/215/215 1007/1007/1007 423/423/423
f 604/604/604 232/232/232 602/602/602
f 604/604/604 602/602/602 1007/1007/1007
f 599/599/599 1008/1008/1008 601/601/601
f 599/599/599 601/601/601 231/231/231
f 220/220/220 572/572/572 1008/1008/1008
f 220/220/220 1008/1008/1008 599/599/599
f 572/572/572 80/80/80 570/570/570
f 572/572/572 570/570/570 1008/1008/1008
f 466/466/466 1009/1009/1009 600/600/600
f 466/466/466 600/600/600 114/114/114
f 58/58/58 428/428/428 1009/1009/1009
f 58/58/58 1009/1009/1009 466/466/466
f 428/428/428 220/220/220 599/599/599
f 428/428/428 599/599/599 1009/1009/1009
f 322/322/322 1010/1010/1010 305/305/305
f 322/322/322 305/305/305 13/13/13
f 114/114/114 600/600/600 1010/1010/1010
f 114/114/114 1010/1010/1010 322/322/322
f 600/600/600 231/231/231 598/598/598
f 600/600/600 598/598/598 1010/1010/1010
f 595/595/595 1011/1011/1011 597/597/597
f 595/595/595 597/597/597 230/230/230
f 117/117/117 469/469/469 1011/1011/1011
f 117/117/117 1011/1011/1011 595/595/595
f 469/469/469 61/61/61 571/571/571
f 469/469/469 571/571/571 1011/1011/1011
f 506/506/506 1012/1012/1012 596/596/596
f 506/506/506 596/596/596 154/154/154
f 24/24/24 325/325/325 1012/1012/1012
f 24/24/24 1012/1012/1012 506/506/506
f 325/325/325 117/117/117 595/595/595
f 325/325/325 595/595/595 1012/1012/1012
f 362/362/362 1013/1013/1013 428/428/428
f 362/362/362 428/428/428 58/58/58
f 154/154/154 596/596/596 1013/1013/1013
f 154/154/154 1013/1013/1013 362/362/362
f 596/596/596 230/230/230 594/594/594
f 596/596/596 594/594/594 1013/1013/1013
f 591/591/591 1014/1014/1014 593/593/593
f 591/591/591 593/593/593 229/229/229
f 157/157/157 509/509/509 1014/1014/1014
f 157/157/157 1014/1014/1014 591/591/591
f 509/509/509 18/18/18 482/482/482
f 509/509/509 482/482/482 1014/1014/1014
f 571/571/571 1015/1015/1015 592/592/592
f 571/571/571 592/592/592 219/219/219
f 61/61/61 365/365/365 1015/1015/1015
f 61/61/61 1015/1015/1015 571/571/571
f 365/365/365 157/157/157 591/591/591
f 365/365/365 591/591/591 1015/1015/1015
f 427/427/427 1016/1016/1016 429/429/429
f 427/427/427 429/429/429 80/80/80
f 219/219/219 592/592/592 1016/1016/1016
f 219/219/219 1016/1016/1016 427/427/427
f 592/592/592 229/229/229 1016/1016/1016
f 229/229/229 590/590/590 1016/1016/1016
f 587/587/587 1017/1017/1017 589/589/589
f 587/587/587 589/589/589 228/228/228
f 224/224/224 576/576/576 1017/1017/1017
f 224/224/224 1017/1017/1017 587/587/587
f 576/576/576 81/81/81 574/574/574
f 576/576/576 574/574/574 1017/1017/1017
f 470/470/470 1018/1018/1018 588/588/588
f 470/470/470 588/588/588 118/118/118
f 62/62/62 432/432/432 1018/1018/1018
f 62/62/62 1018/1018/1018 470/470/470
f 432/432/432 224/224/224 587/587/587
f 432/432/432 587/587/587 1018/1018/1018
f 326/326/326 1019/1019/1019 309/309/309
f 326/326/326 309/309/309 17/17/17
f 118/118/118 588/588/588 1019/1019/1019
f 118/118/118 1019/1019/1019 326/326/326
f 588/588/588 228/228/228 586/586/586
f 588/588/588 586/586/586 1019/1019/1019
f 583/583/583 1020/1020/1020 585/585/585
f 583/583/583 585/585/585 227/227/227
f 121/121/121 473/473/473 1020/1020/1020
f 121/121/121 1020/1020/1020 583/583/583
f 473/473/473 65/65/65 575/575/575
f 473/473/473 575/575/575 1020/1020/1020
f 510/510/510 1021/1021/1021 584/584/584
f 510/510/510 584/584/584 158/158/158
f 25/25/25 329/329/329 1021/1021/1021
f 25/25/25 1021/1021/1021 510/510/510
f 329/329/329 121/121/121 583/583/583
f 329/329/329 583/583/583 1021/1021/1021
f 366/366/366 1022/1022/1022 432/432/432
f 366/366/366 432/432/432 62/62/62
f 158/158/158 584/584/584 1022/1022/1022
f 158/158/158 1022/1022/1022 366/366/366
f 584/584/584 227/227/227 582/582/582
f 584/584/584 582/582/582 1022/1022/1022
f 579/579/579 1023/1023/1023 581/581/581
f 579/579/579 581/581/581 226/226/226
f 161/161/161 513/513/513 1023/1023/1023
f 161/161/161 1023/1023/1023 579/579/579
f 513/513/513 12/12/12 476/476/476
f 513/513/513 476/476/476 1023/1023/1023
f 575/575/575 1024/1024/1024 580/580/580
f 575/575/575 580/580/580 223/223/223
f 65/65/65 369/369/369 1024/1024/1024
f 65/65/65 1024/1024/1024 575/575/575
f 369/369/369 161/161/161 579/579/579
f 369/369/369 579/579/579 1024/1024/1024
f 431/431/431 1025/1025/1025 433/433/433
f 431/431/431 433/433/433 81/81/81
f 223/223/223 580/580/580 1025/1025/1025
f 223/223/223 1025/1025/1025 431/431/431
f 580/580/580 226/226/226 578/578/578
f 580/580/580 578/578/578 1025/1025/1025
f 578/578/578 1026/1026/1026 577/577/577
f 578/578/578 577/577/577 225/225/225
f 226/226/226 581/581/581 1026/1026/1026
f 226/226/226 1026/1026/1026 578/578/578
f 581/581/581 124/124/124 332/332/332
f 581/581/581 332/332/332 1026/1026/1026
f 582/582/582 1027/1027/1027 576/576/576
f 582/582/582 576/576/576 224/224/224
f 227/227/227 585/585/585 1027/1027/1027
f 227/227/227 1027/1027/1027 582/582/582
f 585/585/585 223/223/223 431/431/431
f 585/585/585 431/431/431 1027/1027/1027
f 586/586/586 1028/1028/1028 453/453/453
f 586/586/586 453/453/453 101/101/101
f 228/228/228 589/589/589 1028/1028/1028
f 228/228/228 1028/1028/1028 586/586/586
f 589/589/589 222/222/222 430/430/430
f 589/589/589 430/430/430 1028/1028/1028
f 590/590/590 1029/1029/1029 573/573/573
f 590/590/590 573/573/573 221/221/221
f 229/229/229 593/593/593 1029/1029/1029
f 229/229/229 1029/1029/1029 590/590/590
f 593/593/593 130/130/130 338/338/338
f 593/593/593 338/338/338 1029/1029/1029
f 594/594/594 1030/1030/1030 572/572/572
f 594/594/594 572/572/572 220/220/220
f 230/230/230 597/597/597 1030/1030/1030
f 230/230/230 1030/1030/1030 594/594/594
f 597/597/597 219/219/219 427/427/427
f 597/597/597 427/427/427 1030/1030/1030
f 598/598/598 1031/1031/1031 449/449/449
f 598/598/598 449/449/449 97/97/97
f 231/231/231 601/601/601 1031/1031/1031
f 231/231/231 1031/1031/1031 598/598/598
f 601/601/601 218/218/218 426/426/426
f 601/601/601 426/426/426 1031/1031/1031
f 602/602/602 1032/1032/1032 569/569/569
f 602/602/602 569/569/569 217/217/217
f 232/232/232 605/605/605 1032/1032/1032
f 232/232/232 1032/1032/1032 602/602/602
f 605/605/605 131/131/131 339/339/339
f 605/605/605 339/339/339 1032/1032/1032
f 606/606/606 1033/1033/1033 568/568/568
f 606/606/606 568/568/568 216/216/216
f 233/233/233 609/609/609 606/606/606
f 609/609/609 1033/1033/1033 606/606/606
f 609/609/609 215/215/215 423/423/423
f 609/609/609 423/423/423 1033/1033/1033
f 610/610/610 1034/1034/1034 456/456/456
f 610/610/610 456/456/456 104/104/104
f 234/234/234 613/613/613 1034/1034/1034
f 234/234/234 1034/1034/1034 610/610/610
f 613/613/613 214/214/214 422/422/422
f 613/613/613 422/422/422 1034/1034/1034
f 614/614/614 1035/1035/1035 565/565/565
f 614/614/614 565/565/565 213/213/213
f 235/235/235 617/617/617 1035/1035/1035
f 235/235/235 1035/1035/1035 614/614/614
f 617/617/617 128/128/128 336/336/336
f 617/617/617 336/336/336 1035/1035/1035
f 618/618/618 1036/1036/1036 212/212/212
f 1036/1036/1036 564/564/564 212/212/212
f 236/236/236 621/621/621 1036/1036/1036
f 236/236/236 1036/1036/1036 618/618/618
f 621/621/621 211/211/211 419/419/419
f 621/621/621 419/419/419 1036/1036/1036
f 622/622/622 1037/1037/1037 457/457/457
f 622/622/622 457/457/457 105/105/105
f 237/237/237 625/625/625 1037/1037/1037
f 237/237/237 1037/1037/1037 622/622/622
f 625/625/625 210/210/210 418/418/418
f 625/625/625 418/418/418 1037/1037/1037
f 626/626/626 1038/1038/1038 561/561/561
f 626/626/626 561/561/561 209/209/209
f 238/238/238 629/629/629 1038/1038/1038
f 238/238/238 1038/1038/1038 626/626/626
f 629/629/629 146/146/146 354/354/354
f 629/629/629 354/354/354 1038/1038/1038
f 630/630/630 1039/1039/1039 208/208/208
f 1039/1039/1039 560/560/560 208/208/208
f 239/239/239 633/633/633 1039/1039/1039
f 239/239/239 1039/1039/1039 630/630/630
f 633/633/633 207/207/207 415/415/415
f 633/633/633 415/415/415 1039/1039/1039
f 634/634/634 1040/1040/1040 445/445/445
f 634/634/634 445/445/445 93/93/93
f 240/240/240 637/637/637 1040/1040/1040
f 240/240/240 1040/1040/1040 634/634/634
f 637/637/637 206/206/206 414/414/414
f 637/637/637 414/414/414 1040/1040/1040
f 638/638/638 1041/1041/1041 557/557/557
f 638/638/638 557/557/557 205/205/205
f 241/241/241 641/641/641 1041/1041/1041
f 241/241/241 1041/1041/1041 638/638/638
f 641/641/641 147/147/147 355/355/355
f 641/641/641 355/355/355 1041/1041/1041
f 642/642/642 1042/1042/1042 556/556/556
f 642/642/642 556/556/556 204/204/204
f 242/242/242 645/645/645 1042/1042/1042
f 242/242/242 1042/1042/1042 642/642/642
f 645/645/645 203/203/203 411/411/411
f 645/645/645 411/411/411 1042/1042/1042
f 646/646/646 1043/1043/1043 460/460/460
f 646/646/646 460/460/460 108/108/108
f 243/243/243 649/649/649 1043/1043/1043
f 243/243/243 1043/1043/1043 646/646/646
f 649/649/649 202/202/202 410/410/410
f 649/649/649 410/410/410 1043/1043/1043
f 650/650/650 1044/1044/1044 553/553/553
f 650/650/650 553/553/553 201/201/201
f 244/244/244 653/653/653 1044/1044/1044
f 244/244/244 1044/1044/1044 650/650/650
f 653/653/653 140/140/140 348/348/348
f 653/653/653 348/348/348 1044/1044/1044
f 654/654/654 1045/1045/1045 552/552/552
f 654/654/654 552/552/552 200/200/200
f 245/245/245 657/657/657 1045/1045/1045
f 245/245/245 1045/1045/1045 654/654/654
f 657/657/657 199/199/199 407/407/407
f 657/657/657 407/407/407 1045/1045/1045
f 658/658/658 1046/1046/1046 461/461/461
f 658/658/658 461/461/461 109/109/109
f 246/246/246 661/661/661 1046/1046/1046
f 246/246/246 1046/1046/1046 658/658/658
f 661/661/661 198/198/198 406/406/406
f 661/661/661 406/406/406 1046/1046/1046
f 662/662/662 1047/1047/1047 549/549/549
f 662/662/662 549/549/549 197/197/197
f 247/247/247 665/665/665 1047/1047/1047
f 247/247/247 1047/1047/1047 662/662/662
f 665/665/665 150/150/150 358/358/358
f 665/665/665 358/358/358 1047/1047/1047
f 666/666/666 1048/1048/1048 548/548/548
f 666/666/666 548/548/548 196/196/196
f 248/248/248 669/669/669 666/666/666
f 669/669/669 1048/1048/1048 666/666/666
f 669/669/669 195/195/195 403/403/403
f 669/669/669 403/403/403 1048/1048/1048
f 670/670/670 1049/1049/1049 444/444/444
f 670/670/670 444/444/444 92/92/92
f 249/249/249 673/673/673 1049/1049/1049
f 249/249/249 1049/1049/1049 670/670/670
f 673/673/673 194/194/194 402/402/402
f 673/673/673 402/402/402 1049/1049/1049
f 674/674/674 1050/1050/1050 545/545/545
f 674/674/674 545/545/545 193/193/193
f 250/250/250 677/677/677 1050/1050/1050
f 250/250/250 1050/1050/1050 674/674/674
f 677/677/677 151/151/151 359/359/359
f 677/677/677 359/359/359 1050/1050/1050
f 678/678/678 1051/1051/1051 544/544/544
f 678/678/678 544/544/544 192/192/192
f 251/251/251 681/681/681 1051/1051/1051
f 251/251/251 1051/1051/1051 678/678/678
f 681/681/681 191/191/191 399/399/399
f 681/681/681 399/399/399 1051/1051/1051
f 682/682/682 1052/1052/1052 464/464/464
f 682/682/682 464/464/464 112/112/112
f 252/252/252 685/685/685 1052/1052/1052
f 252/252/252 1052/1052/1052 682/682/682
f 685/685/685 190/190/190 398/398/398
f 685/685/685 398/398/398 1052/1052/1052
f 686/686/686 1053/1053/1053 541/541/541
f 686/686/686 541/541/541 189/189/189
f 253/253/253 689/689/689 686/686/686
f 689/689/689 1053/1053/1053 686/686/686
f 689/689/689 143/143/143 351/351/351
f 689/689/689 351/351/351 1053/1053/1053
f 690/690/690 1054/1054/1054 540/540/540
f 690/690/690 540/540/540 188/188/188
f 254/254/254 693/693/693 1054/1054/1054
f 254/254/254 1054/1054/1054 690/690/690
f 693/693/693 187/187/187 395/395/395
f 693/693/693 395/395/395 1054/1054/1054
f 694/694/694 1055/1055/1055 465/465/465
f 694/694/694 465/465/465 113/113/113
f 255/255/255 697/697/697 1055/1055/1055
f 255/255/255 1055/1055/1055 694/694/694
f 697/697/697 186/186/186 394/394/394
f 697/697/697 394/394/394 1055/1055/1055
f 698/698/698 1056/1056/1056 537/537/537
f 698/698/698 537/537/537 185/185/185
f 256/256/256 701/701/701 1056/1056/1056
f 256/256/256 1056/1056/1056 698/698/698
f 701/701/701 154/154/154 362/362/362
f 701/701/701 362/362/362 1056/1056/1056
f 702/702/702 1057/1057/1057 536/536/536
f 702/702/702 536/536/536 184/184/184
f 257/257/257 705/705/705 1057/1057/1057
f 257/257/257 1057/1057/1057 702/702/702
f 705/705/705 183/183/183 391/391/391
f 705/705/705 391/391/391 1057/1057/1057
f 706/706/706 1058/1058/1058 437/437/437
f 706/706/706 437/437/437 85/85/85
f 258/258/258 709/709/709 1058/1058/1058
f 258/258/258 1058/1058/1058 706/706/706
f 709/709/709 182/182/182 390/390/390
f 709/709/709 390/390/390 1058/1058/1058
f 710/710/710 1059/1059/1059 533/533/533
f 710/710/710 533/533/533 181/181/181
f 259/259/259 713/713/713 1059/1059/1059
f 259/259/259 1059/1059/1059 710/710/710
f 713/713/713 155/155/155 363/363/363
f 713/713/713 363/363/363 1059/1059/1059
f 714/714/714 1060/1060/1060 532/532/532
f 714/714/714 532/532/532 180/180/180
f 260/260/260 717/717/717 714/714/714
f 717/717/717 1060/1060/1060 714/714/714
f 717/717/717 179/179/179 387/387/387
f 717/717/717 387/387/387 1060/1060/1060
f 718/718/718 1061/1061/1061 468/468/468
f 718/718/718 468/468/468 116/116/116
f 261/261/261 721/721/721 1061/1061/1061
f 261/261/261 1061/1061/1061 718/718/718
f 721/721/721 178/178/178 386/386/386
f 721/721/721 386/386/386 1061/1061/1061
f 722/722/722 1062/1062/1062 529/529/529
f 722/722/722 529/529/529 177/177/177
f 262/262/262 725/725/725 1062/1062/1062
f 262/262/262 1062/1062/1062 722/722/722
f 725/725/725 142/142/142 350/350/350
f 725/725/725 350/350/350 1062/1062/1062
f 726/726/726 1063/1063/1063 528/528/528
f 726/726/726 528/528/528 176/176/176
f 263/263/263 729/729/729 1063/1063/1063
f 263/263/263 1063/1063/1063 726/726/726
f 729/729/729 175/175/175 383/383/383
f 729/729/729 383/383/383 1063/1063/1063
f 730/730/730 1064/1064/1064 469/469/469
f 730/730/730 469/469/469 117/117/117
f 264/264/264 733/733/733 1064/1064/1064
f 264/264/264 1064/1064/1064 730/730/730
f 733/733/733 174/174/174 382/382/382
f 733/733/733 382/382/382 1064/1064/1064
f 734/734/734 1065/1065/1065 525/525/525
f 734/734/734 525/525/525 173/173/173
f 265/265/265 737/737/737 1065/1065/1065
f 265/265/265 1065/1065/1065 734/734/734
f 737/737/737 158/158/158 366/366/366
f 737/737/737 366/366/366 1065/1065/1065
f 738/738/738 1066/1066/1066 524/524/524
f 738/738/738 524/524/524 172/172/172
f 266/266/266 741/741/741 1066/1066/1066
f 266/266/266 1066/1066/1066 738/738/738
f 741/741/741 171/171/171 379/379/379
f 741/741/741 379/379/379 1066/1066/1066
f 742/742/742 1067/1067/1067 441/441/441
f 742/742/742 441/441/441 89/89/89
f 267/267/267 745/745/745 1067/1067/1067
f 267/267/267 1067/1067/1067 742/742/742
f 745/745/745 170/170/170 378/378/378
f 745/745/745 378/378/378 1067/1067/1067
f 746/746/746 1068/1068/1068 521/521/521
f 746/746/746 521/521/521 169/169/169
f 268/268/268 749/749/749 1068/1068/1068
f 268/268/268 1068/1068/1068 746/746/746
f 749/749/749 159/159/159 367/367/367
f 749/749/749 367/367/367 1068/1068/1068
f 750/750/750 1069/1069/1069 520/520/520
f 750/750/750 520/520/520 168/168/168
f 269/269/269 753/753/753 1069/1069/1069
f 269/269/269 1069/1069/1069 750/750/750
f 753/753/753 167/167/167 375/375/375
f 753/753/753 375/375/375 1069/1069/1069
f 754/754/754 1070/1070/1070 472/472/472
f 754/754/754 472/472/472 120/120/120
f 270/270/270 757/757/757 1070/1070/1070
f 270/270/270 1070/1070/1070 754/754/754
f 757/757/757 166/166/166 374/374/374
f 757/757/757 374/374/374 1070/1070/1070
f 758/758/758 1071/1071/1071 517/517/517
f 758/758/758 517/517/517 165/165/165
f 271/271/271 761/761/761 758/758/758
f 761/761/761 1071/1071/1071 758/758/758
f 761/761/761 136/136/136 344/344/344
f 761/761/761 344/344/344 1071/1071/1071
f 762/762/762 1072/1072/1072 516/516/516
f 762/762/762 516/516/516 164/164/164
f 272/272/272 765/765/765 1072/1072/1072
f 272/272/272 1072/1072/1072 762/762/762
f 765/765/765 163/163/163 1072/1072/1072
f 163/163/163 371/371/371 1072/1072/1072
f 766/766/766 1073/1073/1073 473/473/473
f 766/766/766 473/473/473 121/121/121
f 273/273/273 769/769/769 1073/1073/1073
f 273/273/273 1073/1073/1073 766/766/766
f 769/769/769 162/162/162 370/370/370
f 769/769/769 370/370/370 1073/1073/1073
f 770/770/770 1074/1074/1074 513/513/513
f 770/770/770 513/513/513 161/161/161
f 274/274/274 773/773/773 1074/1074/1074
f 274/274/274 1074/1074/1074 770/770/770
f 773/773/773 96/96/96 304/304/304
f 773/773/773 304/304/304 1074/1074/1074
f 774/774/774 1075/1075/1075 512/512/512
f 774/774/774 512/512/512 160/160/160
f 275/275/275 777/777/777 1075/1075/1075
f 275/275/275 1075/1075/1075 774/774/774
f 777/777/777 119/119/119 327/327/327
f 777/777/777 327/327/327 1075/1075/1075
f 778/778/778 1076/1076/1076 481/481/481
f 778/778/778 481/481/481 129/129/129
f 276/276/276 781/781/781 1076/1076/1076
f 276/276/276 1076/1076/1076 778/778/778
f 781/781/781 118/118/118 326/326/326
f 781/781/781 326/326/326 1076/1076/1076
f 782/782/782 1077/1077/1077 509/509/509
f 782/782/782 509/509/509 157/157/157
f 277/277/277 785/785/785 1077/1077/1077
f 277/277/277 1077/1077/1077 782/782/782
f 785/785/785 102/102/102 310/310/310
f 785/785/785 310/310/310 1077/1077/1077
f 786/786/786 1078/1078/1078 508/508/508
f 786/786/786 508/508/508 156/156/156
f 278/278/278 789/789/789 1078/1078/1078
f 278/278/278 1078/1078/1078 786/786/786
f 789/789/789 115/115/115 323/323/323
f 789/789/789 323/323/323 1078/1078/1078
f 790/790/790 1079/1079/1079 477/477/477
f 790/790/790 477/477/477 125/125/125
f 279/279/279 793/793/793 1079/1079/1079
f 279/279/279 1079/1079/1079 790/790/790
f 793/793/793 114/114/114 322/322/322
f 793/793/793 322/322/322 1079/1079/1079
f 794/794/794 1080/1080/1080 505/505/505
f 794/794/794 505/505/505 153/153/153
f 280/280/280 797/797/797 1080/1080/1080
f 280/280/280 1080/1080/1080 794/794/794
f 797/797/797 103/103/103 311/311/311
f 797/797/797 311/311/311 1080/1080/1080
f 798/798/798 1081/1081/1081 504/504/504
f 798/798/798 504/504/504 152/152/152
f 281/281/281 801/801/801 798/798/798
f 801/801/801 1081/1081/1081 798/798/798
f 801/801/801 111/111/111 319/319/319
f 801/801/801 319/319/319 1081/1081/1081
f 802/802/802 1082/1082/1082 484/484/484
f 802/802/802 484/484/484 132/132/132
f 282/282/282 805/805/805 1082/1082/1082
f 282/282/282 1082/1082/1082 802/802/802
f 805/805/805 110/110/110 318/318/318
f 805/805/805 318/318/318 1082/1082/1082
f 806/806/806 1083/1083/1083 501/501/501
f 806/806/806 501/501/501 149/149/149
f 283/283/283 809/809/809 1083/1083/1083
f 283/283/283 1083/1083/1083 806/806/806
f 809/809/809 100/100/100 308/308/308
f 809/809/809 308/308/308 1083/1083/1083
f 810/810/810 1084/1084/1084 500/500/500
f 810/810/810 500/500/500 148/148/148
f 284/284/284 813/813/813 1084/1084/1084
f 284/284/284 1084/1084/1084 810/810/810
f 813/813/813 107/107/107 315/315/315
f 813/813/813 315/315/315 1084/1084/1084
f 814/814/814 1085/1085/1085 485/485/485
f 814/814/814 485/485/485 133/133/133
f 285/285/285 817/817/817 1085/1085/1085
f 285/285/285 1085/1085/1085 814/814/814
f 817/817/817 106/106/106 314/314/314
f 817/817/817 314/314/314 1085/1085/1085
f 818/818/818 1086/1086/1086 497/497/497
f 818/818/818 497/497/497 145/145/145
f 286/286/286 821/821/821 818/818/818
f 821/821/821 1086/1086/1086 818/818/818
f 821/821/821 88/88/88 296/296/296
f 821/821/821 296/296/296 1086/1086/1086
f 822/822/822 1087/1087/1087 496/496/496
f 822/822/822 496/496/496 144/144/144
f 287/287/287 825/825/825 1087/1087/1087
f 287/287/287 1087/1087/1087 822/822/822
f 825/825/825 91/91/91 299/299/299
f 825/825/825 299/299/299 1087/1087/1087
f 826/826/826 1088/1088/1088 489/489/489
f 826/826/826 489/489/489 137/137/137
f 288/288/288 829/829/829 1088/1088/1088
f 288/288/288 1088/1088/1088 826/826/826
f 829/829/829 90/90/90 298/298/298
f 829/829/829 298/298/298 1088/1088/1088
f 830/830/830 1089/1089/1089 493/493/493
f 830/830/830 493/493/493 141/141/141
f 289/289/289 833/833/833 1089/1089/1089
f 289/289/289 1089/1089/1089 830/830/830
f 833/833/833 84/84/84 292/292/292
f 833/833/833 292/292/292 1089/1089/1089
